compound,smiles,kp,logkp,kpu,Cells,LogKpu,MW,TPSA,LogP,NumHDonors,NumHAcceptors,NumRotatableBonds,FpDensityMorgan1,FpDensityMorgan2,FpDensityMorgan3,NumRadicalElectrons,NumValenceElectrons
Astemizole,COc1ccc(CCN2CCC(Nc3nc4ccccc4n3Cc3ccc(F)cc3)CC2)cc1,268.0,2.4,0.38,HEK293,-0.42021640338318983,458.58100000000024,42.32,5.351300000000005,1.0,5.0,8.0,0.9411764705882353,1.6470588235294117,2.3823529411764706,0.0,176.0
Atorvastatin,CC(C)c1c(C(=O)Nc2ccccc2)c(-c2ccccc2)c(-c2ccc(F)cc2)n1CC[C@@H](O)C[C@@H](O)CC(=O)O,2.5,0.4,0.057,HEK293,-1.2441251443275085,558.6500000000003,111.79,6.313600000000008,4.0,5.0,12.0,0.8536585365853658,1.4634146341463414,2.048780487804878,0.0,214.0
Caffeine,Cn1c(=O)c2c(ncn2C)n(C)c1=O,0.74,-0.1,0.54,HEK293,-0.26760624017703144,194.194,61.82,-1.0293,0.0,6.0,0.0,1.1428571428571428,1.7857142857142858,2.4285714285714284,0.0,74.0
Candesartan,CCOc1nc2cccc(C(=O)O)c2n1Cc1ccc(-c2ccccc2-c2nnn[nH]2)cc1,1.6,0.2,0.12,HEK293,-0.9208187539523752,440.4630000000001,118.81,4.028600000000002,2.0,7.0,7.0,1.0303030303030303,1.8181818181818181,2.515151515151515,0.0,164.0
Cerivastatin,COCc1c(C(C)C)nc(C(C)C)c(/C=C/[C@@H](O)C[C@@H](O)CC(=O)O)c1-c1ccc(F)cc1,35.0,1.5,0.75,HEK293,-0.12493873660829995,459.5580000000002,99.88000000000001,4.8807000000000045,3.0,5.0,11.0,1.0909090909090908,1.696969696969697,2.212121212121212,0.0,180.0
Compound 1 ,C[C@@H](NC(=O)C1=CN=C(C=C1)C2=C(C)C(=CC(=C2)C(=O)NC3CC3)F)C(C)(C)C,0.94,0,0.057,HL60,-1.2441251443275085,397.49400000000014,71.09,4.252720000000004,2.0,3.0,5.0,1.1379310344827587,1.8275862068965518,2.3793103448275863,0.0,154.0
Compound 10 ,CC1=NN=C(O1)C2=CC=C(C)C(=C2)C3=CC=C(C=C3)C(=O)NCC4CC4,1.1,0,0.053,HL60,-1.275724130399211,347.4180000000001,68.02,4.160240000000003,1.0,4.0,5.0,1.0769230769230769,1.8076923076923077,2.4615384615384617,0.0,132.0
Compound 11 ,CC1=NN=C(O1)C2=CC(=C(C)C=C2)C3=CC=C(C=C3)C(=O)NC4=CC=C(N[S](C)(=O)=O)C=C4,8.4,0.9,0.47,HL60,-0.3279021420642826,462.5310000000002,114.19,4.6442400000000035,2.0,6.0,6.0,0.8484848484848485,1.4848484848484849,2.090909090909091,0.0,168.0
Compound 12 ,CC1=C(C=C(C=C1)C(=O)NC2CC2)C3=CC=C(C=C3)C(=O)NCC4CC4,1.0,0,0.11,HL60,-0.958607314841775,348.44600000000014,58.2,3.6940200000000027,2.0,2.0,6.0,0.9230769230769231,1.6153846153846154,2.269230769230769,0.0,134.0
Compound 13 ,CC1=CC=C(NC(=O)C2=CC=NC(=C2)Cl)C=C1C3=CC=C(C=C3)C(=O)NCC4CC4,12.0,1.1,0.067,HL60,-1.1739251972991736,419.91200000000026,71.09,5.102520000000005,2.0,3.0,6.0,1.0,1.7666666666666666,2.466666666666667,0.0,152.0
Compound 14 ,CN1CCN(CC1)C2=NC=CC(=C2)C(=O)NC3=CC(=C(C)C=C3)C4=CC=C(C=C4)C(=O)NCC5CC5,55.0,1.7,0.58,HL60,-0.23657200643706275,483.6160000000003,77.57,4.200920000000003,2.0,5.0,7.0,0.9166666666666666,1.6666666666666667,2.388888888888889,0.0,186.0
Compound 15 ,CC1=C(C=C(NC(=O)C2=CC(=NC=C2)N3CCCCC3)C=C1)C4=CC=C(C=C4)C(=O)NCC5CC5,12.0,1.1,0.011,HL60,-1.958607314841775,468.6010000000002,74.33,5.439420000000005,2.0,4.0,7.0,0.9142857142857143,1.6857142857142857,2.4285714285714284,0.0,180.0
Compound 16 ,CC1=CC=C(C=C1C2=CC=C(C=C2)C(=O)NCC3CC3)C(=O)NC4CCCC4,4.4,0.6,0.56,HL60,-0.25181197299379954,376.5000000000002,58.2,4.4742200000000025,2.0,2.0,6.0,0.8928571428571429,1.5714285714285714,2.25,0.0,146.0
Compound 17 ,COC1=C(C=C(C=C1)C(=O)NC2CC2)C3=CC=C(C=C3)C(=O)NCC4CC4,0.61,-0.2,0.1,HL60,-1.0,364.4450000000001,67.42999999999999,3.3942000000000014,2.0,3.0,7.0,0.9629629629629629,1.6666666666666667,2.2962962962962963,0.0,140.0
Compound 18 ,FC1=C(C=C(C=C1)C(=O)NC2CC2)C3=CC=C(C=C3)C(=O)NCC4CC4,0.73,-0.1,0.063,HL60,-1.2006594505464183,352.4090000000001,58.2,3.524700000000001,2.0,2.0,6.0,0.9230769230769231,1.6153846153846154,2.269230769230769,0.0,134.0
Compound 19 ,CC1=C(F)C=C(C=C1C2=CC=C(C=C2)C(=O)NCC3CC3)C(=O)NC4CC4,1.8,0.3,0.3,HL60,-0.5228787452803376,366.4360000000002,58.2,3.8331200000000027,2.0,2.0,6.0,1.0,1.7037037037037037,2.3333333333333335,0.0,140.0
Compound 2 ,C[C@H](NC(=O)C1=CN=C(C=C1)C2=C(C)C(=CC(=C2)C(=O)NC3CC3)F)C(C)(C)C,0.73,-0.1,0.04,HL60,-1.3979400086720375,397.49400000000014,71.09,4.252720000000004,2.0,3.0,5.0,1.1379310344827587,1.8275862068965518,2.3793103448275863,0.0,154.0
Compound 20 ,COCCNC(=O)C1=CC=C(C=C1)C2=C(C)C(=CC(=C2)C(=O)NC3CC3)F,0.66,-0.2,0.082,HL60,-1.0861861476162833,370.4240000000001,67.42999999999999,3.0695200000000007,2.0,3.0,7.0,1.1111111111111112,1.8148148148148149,2.4444444444444446,0.0,142.0
Compound 21 ,CCOC(=O)N1CCC(CC1)[N]2C=NC(=C2C3=CC=NC(=N3)N)C4=CC=C(F)C=C4,1.0,0,0.11,HL60,-0.958607314841775,410.4530000000001,99.16,3.5218000000000016,1.0,7.0,4.0,1.2,1.9333333333333333,2.6,0.0,156.0
Compound 22 ,NC1=NC(=CC=N1)C2=C(N=C[N]2C3CCN(CC3)CC4=CC=CC=C4)C5=CC=C(F)C=C5,11.0,1,0.45,HL60,-0.3467874862246563,428.51500000000004,72.86,4.5655000000000046,1.0,6.0,5.0,0.9375,1.6875,2.40625,0.0,162.0
Compound 23 ,CCNC1=NC=CC(=N1)C2=C(N=C[N]2C3CCN(C)CC3)C4=CC=C(F)C=C4,19.0,1.3,0.72,HL60,-0.14266750356873156,380.4710000000001,58.870000000000005,3.8447000000000022,1.0,6.0,5.0,1.1071428571428572,1.8571428571428572,2.5714285714285716,0.0,146.0
Compound 24 ,CNC1=NC(=CC=N1)C2=C(N=C[N]2C3CCNCC3)C4=CC=C(F)C=C4,11.0,1,0.77,HL60,-0.11350927482751812,352.41700000000003,67.66,3.112400000000002,2.0,6.0,4.0,1.1153846153846154,1.8846153846153846,2.6153846153846154,0.0,134.0
Compound 25 ,CNC1=NC=CC(=N1)C2=C(N=C[N]2[C@H]3CC[C@H](O)CC3)C4=CC=C(F)C=C4,1.2,0.1,0.063,HL60,-1.2006594505464183,367.4280000000001,75.86,3.6639000000000026,2.0,6.0,4.0,1.0740740740740742,1.8148148148148149,2.5185185185185186,0.0,140.0
Compound 26 ,FC1=CC=C(C=C1)C2=C([N](C=N2)C3CCNCC3)C4=CC=NC=C4,14.0,1.1,0.36,HL60,-0.44369749923271273,322.387,42.74,3.6757000000000017,1.0,4.0,3.0,0.9583333333333334,1.6666666666666667,2.375,0.0,122.0
Compound 27 ,NC1=NC=CC(=N1)C2=C(N=C[N]2C3CCN(CC3)CC(F)(F)F)C4=CC=C(F)C=C4,0.91,0,0.15,HL60,-0.8239087409443188,420.414,72.86,3.9276000000000035,1.0,6.0,4.0,1.0333333333333334,1.7333333333333334,2.3666666666666667,0.0,158.0
Compound 28 ,FC1=CC=C(C=C1)C2=C([N](C=N2)C3CCNCC3)C4=NC(=NC=C4)NC5=CC=CC=C5,112.0,2,0.56,HL60,-0.25181197299379954,414.48800000000006,67.66,4.814300000000003,2.0,6.0,5.0,0.9354838709677419,1.7096774193548387,2.4838709677419355,0.0,156.0
Compound 29 ,COC1=NC=CC(=N1)C2=C(N=C[N]2[C@H]3CC[C@H](O)CC3)C4=CC=C(F)C=C4,0.81,-0.1,0.062,HL60,-1.207608310501746,368.41200000000015,73.06,3.6308000000000025,1.0,6.0,4.0,1.0740740740740742,1.8148148148148149,2.5185185185185186,0.0,140.0
Compound 3 ,OC1=C(CNC(=O)C2=CC(=C[NH]2)C(=O)C3=C(F)C=C(F)C=C3)C=CC=C1,27.0,1.4,0.74,HL60,-0.13076828026902382,356.328,82.19,3.1595000000000013,3.0,3.0,5.0,1.0769230769230769,1.8461538461538463,2.576923076923077,0.0,132.0
Compound 30 ,CC(C)OC1=NC=CC(=N1)C2=C(N=C[N]2C3CCNCC3)C4=CC=C(F)C=C4,11.0,1,0.78,HL60,-0.10790539730951958,381.4550000000001,64.86,3.8579000000000025,1.0,6.0,5.0,1.1071428571428572,1.8571428571428572,2.5714285714285716,0.0,146.0
Compound 31 ,O[C@H]1CC[C@@H](CC1)[N]2C=NC(=C2C3=NC(=NC=C3)OC4=CC=CC=C4)C5=CC=C(F)C=C5,5.1,0.7,0.27,HL60,-0.5686362358410126,430.4830000000001,73.06,5.414500000000005,1.0,6.0,5.0,0.90625,1.65625,2.40625,0.0,162.0
Compound 32 ,CCOC1=NC=CC(=N1)C2=C(N=C[N]2C3CCNCC3)C4=CC=C(F)C=C4,7.1,0.9,0.43,HL60,-0.36653154442041347,367.4280000000001,64.86,3.469400000000002,1.0,6.0,5.0,1.1481481481481481,1.9259259259259258,2.6666666666666665,0.0,140.0
Compound 33 ,NC(=O)C1=CC(=CC=C1)OC2=NC=CC(=N2)C3=C(N=C[N]3C4CCNCC4)C5=CC=C(F)C=C5,0.84,-0.1,0.037,HL60,-1.431798275933005,458.4970000000002,107.95000000000002,3.9619000000000026,2.0,7.0,6.0,1.088235294117647,1.8823529411764706,2.6470588235294117,0.0,172.0
Compound 34 ,COC1=NC=CC(=N1)C2=C(N=C[N]2CCCN3CCOCC3)C4=CC=C(F)C=C4,0.63,-0.2,0.031,HL60,-1.5086383061657274,397.4540000000002,65.30000000000001,2.8771000000000013,0.0,7.0,7.0,1.0689655172413792,1.8620689655172413,2.6206896551724137,0.0,152.0
Compound 35 ,CC1=CC(=C(C)C=C1)OC2=NC=CC(=N2)C3=C(N=C[N]3C4CCNCC4)C5=CC=C(F)C=C5,71.0,1.9,0.34,HL60,-0.46852108295774486,443.52600000000024,64.86,5.479840000000005,1.0,6.0,5.0,1.0,1.7878787878787878,2.5757575757575757,0.0,168.0
Compound 36 ,CCOC1=CC(C(=O)N[C@@H](CC2=CC=CC=C2)[C@H](O)CNCC2=CC=CC(CC)=C2)=C(F)C(=C1)C1=C(C=CC=C1)C(N)=O,107.0,2,0.24,SH-5Y,-0.619788758288394,583.7040000000003,113.68,5.044500000000004,4.0,5.0,14.0,0.8604651162790697,1.558139534883721,2.2790697674418605,0.0,224.0
Compound 37 ,CCNC1=CC(C(=O)N[C@@H](CC2=CC=CC=C2)[C@H](O)CNCC2=CC=CC(=C2)C(F)(F)F)=C(F)C(=C1)N1CCCCS1(=O)=O,96.0,2,0.43,SH-5Y,-0.36653154442041347,636.7119999999999,110.76999999999998,4.698100000000004,4.0,6.0,12.0,1.0227272727272727,1.75,2.4318181818181817,0.0,238.0
Compound 39 ,CCC1=CN2CCS(=O)(=O)N(C)C3=C2C1=CC(=C3)C(=O)N[C@@H](CC1=CC=CC=C1)[C@H](O)CNC1CC1,13.0,1.1,0.25,SH-5Y,-0.6020599913279624,510.66000000000025,103.67,2.4373000000000005,3.0,6.0,9.0,1.1944444444444444,1.9444444444444444,2.638888888888889,0.0,192.0
Compound 4 ,CC(C)[C@@H](C)NC(=O)C1=CN=C(C=C1)C2=C(C)C(=CC(=C2)C(=O)NC3CC3)F,0.61,-0.2,0.076,HL60,-1.1191864077192086,383.46700000000016,71.09,3.8626200000000024,2.0,3.0,6.0,1.1071428571428572,1.8214285714285714,2.392857142857143,0.0,148.0
Compound 40 ,CC(C)C1=CN2CCS(=O)(=O)N(C)C3=C2C1=CC(=C3)C(=O)N[C@@H](CC1=CC=CC=C1)[C@H](O)CNC1CCOCC1,143.0,2.2,0.27,SH-5Y,-0.5686362358410126,568.74,112.9,3.0149000000000017,3.0,7.0,9.0,1.15,1.875,2.575,0.0,216.0
Compound 41 ,CCC1=CN2CCS(=O)(=O)N(C)C3=C2C1=CC(=C3)C(=O)N[C@@H](CC1=CC(F)=CC(F)=C1)[C@H](O)CNC1CCOCC1,57.0,1.8,0.38,SH-5Y,-0.42021640338318983,590.693,112.9,2.732100000000001,3.0,7.0,9.0,1.146341463414634,1.853658536585366,2.5365853658536586,0.0,222.0
Compound 42 ,CCC1=CN2CCS(=O)(=O)N(C)C3=C2C1=CC(=C3)C(=O)N[C@@H](CC1=CC=CC=C1)[C@H](O)CNCC1=CC=CC=C1,135.0,2.1,0.37,SH-5Y,-0.431798275933005,560.7200000000003,103.67,3.475100000000002,3.0,6.0,10.0,1.025,1.7,2.375,0.0,210.0
Compound 43 ,CCN1C=C2CCS(=O)(=O)N(C)C3=C2C1=CC(=C3)C(=O)N[C@@H](CC1=CC=CC=C1)[C@H](O)CN[C@@H]1CCOC(C)(C)C1,39.0,1.6,0.6,SH-5Y,-0.2218487496163564,582.767,112.9,3.2325000000000017,3.0,7.0,9.0,1.2195121951219512,1.975609756097561,2.682926829268293,0.0,222.0
Compound 44 ,COC1=CC(CNC[C@@H](O)[C@H](CC2=CC=CC=C2)NC(=O)C2=C(F)C(=CC(NC(C)C)=C2)N2CCCCS2(=O)=O)=CC=C1,96.0,2,1.1,SH-5Y,0.04139268515822508,612.7680000000004,120.0,4.076400000000003,4.0,7.0,13.0,1.0465116279069768,1.7906976744186047,2.488372093023256,0.0,232.0
Compound 45 ,CCN1C=C2CCS(=O)(=O)N(C)C3=C2C1=CC(=C3)C(=O)N[C@@H](CC1=CC=CC=C1)[C@H](O)CNC1CCC(F)(F)CC1,93.0,2,0.43,SH-5Y,-0.36653154442041347,588.7210000000002,103.67,3.852800000000003,3.0,6.0,9.0,1.170731707317073,1.8780487804878048,2.5609756097560976,0.0,222.0
Compound 46 ,CCC1=CN2CCS(=O)(=O)N(C)C3=C2C1=CC(=C3)C(=O)N[C@@H](CC1=CC=CC=C1)C(=O)CNCC1=CC=CC(OC)=C1,497.0,2.7,2.4,SH-5Y,0.38021124171160603,588.7300000000002,109.74,3.691900000000002,2.0,7.0,11.0,1.0238095238095237,1.7857142857142858,2.5238095238095237,0.0,220.0
Compound 47 ,CCN1C=C2CCS(=O)(=O)N(C)C3=C2C1=CC(=C3)C(=O)N[C@@H](CC1=CC=CC=C1)[C@H](O)CNCC#C,57.0,1.8,3.2,SH-5Y,0.505149978319906,508.64400000000023,103.67,1.9081,3.0,6.0,9.0,1.25,2.0,2.6944444444444446,0.0,190.0
Compound 48 ,CCNC1=CC(C(=O)N[C@@H](CC2=CC=CC=C2)[C@H](O)CNC2CCOCC2)=C(F)C(=C1)N1CCCCS1(=O)=O,21.0,1.3,0.93,SH-5Y,-0.03151705144606486,562.7080000000004,120.0,2.6581,4.0,7.0,11.0,1.1794871794871795,1.9230769230769231,2.6153846153846154,0.0,214.0
Compound 5 ,CC(C)[C@H](C)NC(=O)C1=CN=C(C=C1)C2=C(C)C(=CC(=C2)C(=O)NC3CC3)F,0.46,-0.3,0.042,HL60,-1.3767507096020994,383.46700000000016,71.09,3.8626200000000024,2.0,3.0,6.0,1.1071428571428572,1.8214285714285714,2.392857142857143,0.0,148.0
Compound 50 ,CCN1C=C2CCS(=O)(=O)N(C)C3=C2C1=CC(=C3)C(=O)N[C@@H](CC1=CC=CC=C1)[C@H](O)CNCCC(F)(F)F,0.74,-0.1,0.74,SH-5Y,-0.13076828026902382,566.6460000000004,103.67,3.2273000000000014,3.0,6.0,10.0,1.1794871794871795,1.8974358974358974,2.5641025641025643,0.0,212.0
Compound 51 ,CCC1=CN2CCS(=O)(=O)N(C)C3=C2C1=CC(=C3)C(=O)N[C@@H](CC1=CC=CC=C1)[C@H](O)CNC1(CCCCC1)C#C,0.58,-0.2,0.58,SH-5Y,-0.23657200643706275,576.763,103.67,3.6110000000000015,3.0,6.0,9.0,1.170731707317073,1.9024390243902438,2.5853658536585367,0.0,218.0
Compound 52 ,CCN1C=C2CCS(=O)(=O)N(C)C3=C2C1=CC(=C3)C(=O)N[C@@H](CC1=CC=CC=C1)[C@H](O)CNC1(C)CCCCC1,0.95,0,0.95,SH-5Y,-0.022276394711152253,566.768,103.67,3.9977000000000027,3.0,6.0,9.0,1.125,1.85,2.55,0.0,216.0
Compound 53 ,CCN1C=C2CCS(=O)(=O)N(C)C3=C2C1=CC(=C3)C(=O)N[C@@H](CC1=CC=CC=C1)[C@H](O)CNCCOCC(F)(F)F,0.16,-0.8,0.16,SH-5Y,-0.7958800173440752,596.6720000000003,112.9,2.8538000000000006,3.0,7.0,12.0,1.1951219512195121,1.9268292682926829,2.6097560975609757,0.0,224.0
Compound 54 ,CCN1C=C2CCS(=O)(=O)N(C)C3=C2C1=CC(=C3)C(=O)N[C@@H](CC1=CC=CC=C1)[C@H](O)CNC1=C(C)C=CC=C1,0.24,-0.6,0.24,SH-5Y,-0.619788758288394,560.7200000000003,103.67,4.105820000000003,3.0,6.0,9.0,1.075,1.8,2.525,0.0,210.0
Compound 55 ,CCN1C=C2CCS(=O)(=O)N(C)C3=C2C1=CC(=C3)C(=O)N[C@@H](CC1=CC=CC=C1)[C@H](O)CNC1=C(OC)C=CC=C1,0.86,-0.1,0.86,SH-5Y,-0.06550154875643228,576.7190000000003,112.9,3.8060000000000027,3.0,7.0,10.0,1.0975609756097562,1.829268292682927,2.5609756097560976,0.0,216.0
Compound 56 ,CCN1C=C2CCS(=O)(=O)N(C)C3=C2C1=CC(=C3)C(=O)N[C@@H](CC1=CC=CC=C1)[C@H](O)CNC1CC1,0.18,-0.7,0.18,SH-5Y,-0.744727494896694,510.66000000000025,103.67,2.4373000000000005,3.0,6.0,9.0,1.1944444444444444,1.9444444444444444,2.638888888888889,0.0,192.0
Compound 57 ,CCC1=CN2CCS(=O)(=O)N(C)C3=C2C1=CC(=C3)C(=O)N[C@@H](CC1=CC=CC=C1)[C@H](O)CNCC(C)=C,0.47,-0.3,0.47,SH-5Y,-0.3279021420642826,524.6870000000002,103.67,2.851000000000001,3.0,6.0,10.0,1.2162162162162162,1.945945945945946,2.6216216216216215,0.0,198.0
Compound 58 ,CCN1C=C2CCS(=O)(=O)N(CC)C3=C2C1=CC(=C3)C(=O)N[C@@H](CC1=CC=CC=C1)[C@H](O)CNC1CCCCC1,0.2,-0.7,0.2,SH-5Y,-0.6989700043360187,566.7679999999999,103.67,3.9977000000000027,3.0,6.0,10.0,1.075,1.825,2.525,0.0,216.0
Compound 59 ,CCCN1C=C2CCS(=O)(=O)N(C)C3=C2C1=CC(=C3)C(=O)N[C@@H](CC1=CC=CC=C1)[C@H](O)CNCC1=CC=CC(OC)=C1,0.5,-0.3,0.5,SH-5Y,-0.3010299956639812,604.7730000000003,112.9,3.873800000000003,3.0,7.0,12.0,1.069767441860465,1.8372093023255813,2.5813953488372094,0.0,228.0
Compound 60 ,CCN1C=C2CCS(=O)(=O)N(C)C3=C2C1=CC(=C3)C(=O)N[C@@H](CC1=CC=CC=C1)[C@H](O)CNC1=C(C)C=C(C)C=C1,96.0,2,0.21,SH-5Y,-0.6777807052660807,574.7470000000002,103.67,4.414240000000004,3.0,6.0,9.0,1.0731707317073171,1.829268292682927,2.5365853658536586,0.0,216.0
Compound 61 ,CCN1C=C2CCS(=O)(=O)N(C)C3=C2C1=CC(=C3)C(=O)N[C@@H](CC1=CC=CC=C1)[C@H](O)CN[C@@H](C)C(=O)NC1CCCCC1,34.0,1.5,0.57,SH-5Y,-0.24412514432750865,623.8199999999998,132.77,3.112300000000002,4.0,7.0,11.0,1.0909090909090908,1.8181818181818181,2.522727272727273,0.0,238.0
Compound 62 ,CCC1=CN2CCS(=O)(=O)N(C)C3=C2C1=CC(=C3)C(=O)N[C@@H](CC1=CC=CC=C1)[C@H](O)CNC(C)(C)C#C,192.0,2.3,3.1,SH-5Y,0.4913616938342727,536.6980000000002,103.67,2.686700000000001,3.0,6.0,9.0,1.236842105263158,1.9473684210526316,2.6052631578947367,0.0,202.0
Compound 63 ,O[C@H](CNCC1=CC=CC(=C1)C(F)(F)F)[C@H](CC1=CC=CC=C1)NC(=O)C1=CN(=O)=CC(OCC2CC2)=C1,44.0,1.6,0.61,SH-5Y,-0.21467016498923297,529.5590000000002,97.53,3.6194000000000015,3.0,5.0,12.0,1.0789473684210527,1.8157894736842106,2.526315789473684,0.0,202.0
Compound 64 ,CC1=C(C(=O)CC1)C1=CC(OCC2CC2)=CC(=C1)C(=O)N[C@@H](CC1=CC=CC=C1)[C@H](O)CNCCC(F)(F)F,72.0,1.9,1.1,SH-5Y,0.04139268515822508,544.6140000000003,87.66000000000001,4.855800000000004,3.0,5.0,13.0,1.1282051282051282,1.8717948717948718,2.5128205128205128,0.0,210.0
Compound 65 ,CCNC1=CC(C(=O)N[C@@H](CC2=CC=CC=C2)[C@H](O)CNCCC(F)(F)F)=C(F)C(=C1)N1CCCCS1(=O)=O,11.0,1,0.49,SH-5Y,-0.3098039199714863,574.6410000000003,110.76999999999998,3.4315000000000024,4.0,6.0,12.0,1.1538461538461537,1.8717948717948718,2.5128205128205128,0.0,216.0
Compound 7 ,CC1=CC2=C(C3=CC=NC=C3)C(=N[N]2C=C1)C4=CC=C(F)C=C4,7.8,0.9,0.1,HL60,-1.0,303.34000000000003,30.19,4.5108200000000025,0.0,3.0,2.0,0.9130434782608695,1.6521739130434783,2.391304347826087,0.0,112.0
Compound 8 ,FC1=CC=C(C=C1)C2=N[N]3C=CC=C(F)C3=C2C4=CC=NC=C4,4.5,0.7,0.088,HL60,-1.0555173278498313,307.303,30.19,4.341500000000003,0.0,3.0,2.0,0.8260869565217391,1.565217391304348,2.3043478260869565,0.0,112.0
Compound 9 ,FC1=CC=C(C=C1)C2=N[N]3C(=CC=CC3=C2C4=CC=NC=C4)OCC(F)(F)F,16.0,1.2,0.14,HL60,-0.8538719643217619,387.33600000000007,39.42,5.143500000000002,0.0,4.0,4.0,0.8928571428571429,1.6071428571428572,2.2857142857142856,0.0,142.0
Diclofenac,O=C(O)Cc1ccccc1Nc1c(Cl)cccc1Cl,37.0,1.6,4.2,HEK293,0.6232492903979004,296.153,49.33,4.364100000000001,2.0,2.0,4.0,1.0526315789473684,1.6842105263157894,2.3157894736842106,0.0,98.0
Diltiazem,COc1ccc([C@@H]2Sc3ccccc3N(CCN(C)C)C(=O)[C@@H]2OC(C)=O)cc1,50.0,1.7,3.0,HEK293,0.47712125471966244,414.52700000000016,59.080000000000005,3.368500000000002,0.0,6.0,6.0,1.1379310344827587,1.8275862068965518,2.4482758620689653,0.0,154.0
Enalapril,CCOC(=O)[C@H](CCc1ccccc1)N[C@@H](C)C(=O)N1CCC[C@H]1C(=O)O,0.52,-0.3,0.16,HEK293,-0.7958800173440752,376.45300000000026,95.94000000000001,1.6046,2.0,5.0,9.0,1.2962962962962963,2.0,2.6296296296296298,0.0,148.0
Fexofenadine,CC(C)(C(=O)O)c1ccc(C(O)CCCN2CCC(C(O)(c3ccccc3)c3ccccc3)CC2)cc1,1.7,0.2,0.099,HEK293,-1.00436480540245,501.66700000000014,81.0,5.510500000000006,3.0,4.0,10.0,0.8648648648648649,1.3783783783783783,1.864864864864865,0.0,196.0
Fluvastatin,CC(C)n1c(/C=C/C(O)CC(O)CC(=O)O)c(-c2ccc(F)cc2)c2ccccc21,49.0,1.7,0.93,HEK293,-0.03151705144606486,411.473,82.69,4.628100000000003,3.0,4.0,8.0,1.1,1.7666666666666666,2.4,0.0,158.0
GSK1007102B ,CC[N]1C2=C(N=C1C3=NON=C3N)C(=NC(=C2)O[C@@H](CN)C4=CC=CC=C4)C#CC(C)(C)O.OC(=O)C(F)(F)F,2257.0,3.4,14.0,HEK293,1.146128035678238,561.5210000000004,188.42999999999998,2.917900000000001,4.0,11.0,6.0,1.2,1.85,2.35,0.0,212.0
GSK1023156A ,NC(=O)C1=C(OCC2=C(Br)C=CC=C2)C=C(S1)[N]3C=NC4=C3C=CC=C4,45.0,1.7,1.4,HEK293,0.146128035678238,428.3110000000001,70.14000000000001,4.527400000000003,1.0,5.0,5.0,1.1923076923076923,1.9615384615384615,2.769230769230769,0.0,130.0
GSK1030059A ,COC1=C(OC)C=C2[N](C=NC2=C1)C3=CC(=C(S3)C(C)=O)OCC4=C(C=CC=C4)C(F)(F)F,749.0,2.9,0.38,HEK293,-0.42021640338318983,476.47600000000017,62.58,5.904600000000004,0.0,7.0,7.0,1.0606060606060606,1.7575757575757576,2.4242424242424243,0.0,172.0
GSK204925A ,COC1=C(OC)C=C2[N](C=NC2=C1)C3=CC(=C(S3)C(N)=O)OCCC4=CC=CC=C4,70.0,1.8,1.0,HEK293,0.0,423.4940000000002,88.60000000000001,3.824600000000002,1.0,7.0,8.0,1.0666666666666667,1.8,2.5,0.0,154.0
GSK237700A ,COC1=C(OC)C=C2[N](C=NC2=C1)C3=CC(=C(S3)C(N)=O)O[C@@H](C)C4=C(Cl)C=CC=C4,352.0,2.5,1.8,HEK293,0.25527250510330607,457.9390000000002,88.60000000000001,4.996500000000004,1.0,7.0,7.0,1.1290322580645162,1.8387096774193548,2.5161290322580645,0.0,160.0
GSK237701A ,COC1=C(OC)C=C2[N](C=NC2=C1)C3=CC(=C(S3)C(N)=O)O[C@H](C)C4=C(Cl)C=CC=C4,472.0,2.7,2.2,HEK293,0.3424226808222063,457.9390000000002,88.60000000000001,4.996500000000004,1.0,7.0,7.0,1.1290322580645162,1.8387096774193548,2.5161290322580645,0.0,160.0
GSK312948A ,COC1=C(OC)C=C2[N](C=NC2=C1)C3=CC(=C(S3)C(N)=O)OCC4=CC=CS4,33.0,1.5,0.62,HEK293,-0.20760831050174613,415.49600000000015,88.60000000000001,3.843600000000002,1.0,8.0,7.0,1.1785714285714286,1.9642857142857142,2.642857142857143,0.0,144.0
GSK317314A ,COC1=CC2=C(C=C1)N=C[N]2C3=CC(=C(S3)C(N)=O)O[C@H](C)C4=C(Cl)C=CC=C4,719.0,2.9,1.0,HEK293,0.0,427.9130000000001,79.37,4.987900000000003,1.0,6.0,6.0,1.2413793103448276,2.0344827586206895,2.7586206896551726,0.0,148.0
GSK317315A ,COC1=CC2=C(C=C1)N=C[N]2C3=CC(=C(S3)C(N)=O)O[C@H](C)C4=C(C=CC=C4)C(F)(F)F,1408.0,3.1,0.9,HEK293,-0.045757490560675115,461.46500000000015,79.37,5.353300000000003,1.0,6.0,6.0,1.1875,1.9375,2.625,0.0,166.0
GSK326090A ,C[C@@H](OC1=C(SC(=C1)[N]2C=NC3=C2C=C(OCC4CCN(C)CC4)C=C3)C(N)=O)C5=C(C=CC=C5)C(F)(F)F,11325.0,4.1,1.5,HEK293,0.17609125905568124,558.6260000000004,82.61000000000001,6.065300000000006,1.0,7.0,8.0,1.1794871794871795,1.9230769230769231,2.641025641025641,0.0,206.0
GSK571989A ,C[C@@H](OC1=C(SC(=C1)[N]2C=NC3=C2C=C(OCC4CCN(C)CC4)C=C3)C(N)=O)C5=C(Cl)C=CC=C5,1212.0,3.1,3.6,HEK293,0.5563025007672873,525.0740000000003,82.61000000000001,5.699900000000005,1.0,7.0,8.0,1.2222222222222223,2.0,2.75,0.0,188.0
GSK579289A ,C[C@@H](OC1=C(SC(=C1)[N]2C=NC3=C2C=C(OC4CCN(C)CC4)C=C3)C(N)=O)C5=C(Cl)C=CC=C5,1074.0,3,7.1,HEK293,0.8512583487190752,511.04700000000037,82.61000000000001,5.452300000000005,1.0,7.0,7.0,1.2,1.9714285714285715,2.7142857142857144,0.0,182.0
GSK614526A ,CC[N]1C(=NC2=C1C(=CN=C2C#CC(C)(C)O)OC[C@@H]3CCCN3)C4=NON=C4N.OC(=O)C(F)(F)F,383.0,2.6,21.0,HEK293,1.3222192947339193,525.4880000000003,174.44,1.9698999999999993,4.0,11.0,5.0,1.3783783783783783,2.081081081081081,2.5945945945945947,0.0,200.0
GSK619487A ,CC[N]1C(=NC2=C1C(=CN=C2C#CC(C)(C)O)OC3CCNCC3)C4=NON=C4N.OC(=O)C(F)(F)F,319.0,2.5,16.0,HEK293,1.2041199826559248,525.4880000000003,174.44,1.9698999999999993,4.0,11.0,4.0,1.3243243243243243,1.972972972972973,2.4864864864864864,0.0,200.0
GSK938890A ,CC[N]1C2=C(N=C1C3=NON=C3N)C(=NC(=C2)OC[C@@H](N)C4=CC=CC=C4)C#CC(C)(C)O,2287.0,3.4,13.0,HEK293,1.1139433523068367,447.49900000000025,151.13,2.2846000000000006,3.0,10.0,6.0,1.2121212121212122,1.9696969696969697,2.606060606060606,0.0,170.0
GSK943949A ,CC[N]1C2=C(N=C1C3=NON=C3N)C(=NC(=C2)OC[C@H](N)C4=CC=CC=C4)C#CC(C)(C)O,2425.0,3.4,18.0,HEK293,1.255272505103306,447.49900000000025,151.13,2.2846000000000006,3.0,10.0,6.0,1.2121212121212122,1.9696969696969697,2.606060606060606,0.0,170.0
GSK978744A ,C[C@@H](OC1=C(SC(=C1)[N]2C=NC3=C2C=C(OC[C@@H](O)CO)C=C3)C(N)=O)C4=C(Cl)C=CC=C4,42.0,1.6,0.68,HEK293,-0.16749108729376366,487.96500000000015,119.83000000000001,3.7113000000000014,3.0,8.0,9.0,1.2727272727272727,2.0606060606060606,2.787878787878788,0.0,172.0
GW275944X ,CC1=CC2=C(NC(=O)\C2=N/NC3=CC=C(C=C3)[S](N)(=O)=O)C=C1,149.0,2.2,0.87,HEK293,-0.060480747381381476,330.3690000000001,113.65,1.41072,3.0,5.0,3.0,1.1304347826086956,1.826086956521739,2.4782608695652173,0.0,118.0
GW276655X ,N[S](=O)(=O)C1=CC=C(N\N=C2/C(=O)NC3=C2C=C(C=C3)C4=CN=CO4)C=C1,110.0,2,0.65,HEK293,-0.18708664335714442,383.38900000000007,139.68,1.7573,3.0,7.0,4.0,1.1481481481481481,1.9259259259259258,2.5925925925925926,0.0,136.0
GW290597X ,N[S](=O)(=O)C1=CC=C(N\N=C2/C(=O)NC3=C2C=C(C=C3)C(=O)NCCC[N]4C=CN=C4)C=C1,6.7,0.8,0.16,HEK293,-0.7958800173440752,467.5110000000002,160.57,1.1188999999999998,4.0,8.0,8.0,1.1818181818181819,1.9696969696969697,2.6666666666666665,0.0,170.0
GW297361X ,N[S](=O)(=O)C1=CC=C(N\C=C2/C(=O)NC3=C2C4=C(C=C3)N=CS4)C=C1,30.0,1.5,0.22,HEK293,-0.6575773191777937,372.43100000000004,114.17999999999999,2.3488000000000007,3.0,6.0,3.0,1.16,1.92,2.64,0.0,126.0
GW300657X ,N[S](=O)(=O)C1=CC=C(N\N=C2/C(=O)NC3=C2C=C(C=C3)C(=O)NCC4=CC=NC=C4)C=C1,5.6,0.7,0.14,HEK293,-0.8538719643217619,450.48000000000013,155.64,1.4272999999999993,4.0,7.0,6.0,1.0625,1.78125,2.46875,0.0,162.0
GW300660X ,N[S](=O)(=O)C1=CC=C(N\N=C2/C(=O)NC3=C2C=C(C=C3)C(=O)NCCC4=C[NH]C=N4)C=C1,4.4,0.6,0.13,HEK293,-0.8860566476931632,453.48400000000015,171.43,0.7979000000000002,5.0,7.0,7.0,1.15625,1.9375,2.625,0.0,164.0
GW301784X ,CC(C)(CO)CNC(=O)C1=CC2=C(NC(=O)\C2=N/NC3=CC=C(C=C3)[S](N)(=O)=O)C=C1,2.9,0.5,0.069,HEK293,-1.1611509092627446,445.50100000000015,162.98,0.8506,5.0,7.0,7.0,1.1935483870967742,1.8709677419354838,2.4838709677419355,0.0,164.0
GW305178X ,N[S](=O)(=O)C1=CC=C(N\N=C2/C(=O)NC3=C2C4=CC=CN=C4C=C3)C=C1,92.0,2,0.24,HEK293,-0.619788758288394,367.39000000000004,126.54,1.6505000000000003,3.0,6.0,3.0,1.0769230769230769,1.8461538461538463,2.576923076923077,0.0,130.0
GW352430A ,Cl.N[S](=O)(=O)C1=CC=C(N\N=C2/C(=O)NC3=C2C(=CC=C3)CCC4=CC=NC=C4)C=C1,55.0,1.7,0.046,HEK293,-1.337242168318426,457.94300000000027,126.54,2.704300000000001,3.0,6.0,6.0,1.0,1.7096774193548387,2.3870967741935485,0.0,160.0
GW396574X ,CC(C)=CC1=C2C(=CC=C1)NC(=O)\C2=N/NC3=CC=C(C=C3)[S](N)(=O)=O,468.0,2.7,0.36,HEK293,-0.44369749923271273,370.43400000000014,113.65,2.525499999999999,3.0,5.0,4.0,1.1538461538461537,1.8461538461538463,2.4615384615384617,0.0,134.0
GW416469X ,CN(C)C1=CC2=C(NC(=O)\C2=C/NC3=CC=C(C=C3)[S](N)(=O)=O)C=C1,19.0,1.3,0.47,HEK293,-0.3279021420642826,358.42300000000006,104.53,1.8051000000000001,3.0,5.0,4.0,1.12,1.8,2.4,0.0,130.0
GW416981X ,CC(C)COC(=O)C1=CC2=C(NC(=O)\C2=C/NC3=CC=C(C=C3)[S](N)(=O)=O)C=C1,258.0,2.4,0.2,HEK293,-0.6989700043360187,415.4710000000001,127.58999999999997,2.5519000000000007,3.0,6.0,6.0,1.206896551724138,1.896551724137931,2.5172413793103448,0.0,152.0
GW513184X ,COC1=C(O)C=CC(=C1)C=NNC2=C3C=N[N](C4=CC=CC=C4)C3=NC=N2,52.0,1.7,0.44,HEK293,-0.3565473235138126,360.37700000000007,97.45000000000002,2.9757000000000007,2.0,8.0,5.0,1.1481481481481481,2.0,2.814814814814815,0.0,134.0
GW572399X ,N[S](=O)(=O)C1=CC=C(NC2=NC=C(O2)C3=CC=CC=C3)C=C1,140.0,2.1,1.2,HEK293,0.07918124604762482,315.354,98.22,2.7326000000000015,2.0,5.0,4.0,1.0,1.6818181818181819,2.3181818181818183,0.0,112.0
GW589933X ,N[S](=O)(=O)C1=CC=C(NC=C2C(=O)NC3=C2C4=C(C=C3)N=CS4)C=C1,30.0,1.5,0.21,HEK293,-0.6777807052660807,372.43100000000004,114.17999999999999,2.3488000000000007,3.0,6.0,3.0,1.16,1.92,2.64,0.0,126.0
GW778894X ,N#CC1=CC(=CC=C1)NC2=NC(=CC=N2)C3=C4C=CC=N[N]4N=C3,143.0,2.2,0.88,HEK293,-0.05551732784983137,313.324,91.79,2.8015800000000004,1.0,7.0,3.0,1.0416666666666667,2.0,2.9166666666666665,0.0,114.0
GW779439X ,CN1CCN(CC1)C2=C(C=C(NC3=NC(=CC=N3)C4=C5C=CC=N[N]5N=C4)C=C2)C(F)(F)F,933.0,3,2.3,HEK293,0.36172783601759284,454.4600000000001,74.48,3.7005000000000026,1.0,8.0,4.0,0.9696969696969697,1.7878787878787878,2.5757575757575757,0.0,170.0
GW780056X ,CCN(CC)CC1=CC=C(NC2=NC(=CC=N2)C3=C4C=CC=N[N]4N=C3)C=C1,123.0,2.1,2.9,HEK293,0.4623979978989561,373.46400000000006,71.24,3.771700000000002,1.0,7.0,7.0,0.9642857142857143,1.7857142857142858,2.5714285714285716,0.0,142.0
GW784752X ,COC1=CC(=CC=C1)[N]2N=CC3=C2N=CN=C3N\N=C\C4=CC=NC=C4,232.0,2.4,0.79,HEK293,-0.10237290870955855,345.36600000000004,90.11,2.6651000000000007,1.0,8.0,5.0,1.1538461538461537,2.0384615384615383,2.8846153846153846,0.0,128.0
GW801372X ,COC1=CC(=CC(=C1)NC2=NC(=CC=N2)C3=C4C=CC=N[N]4N=C3)OC,125.0,2.1,0.96,HEK293,-0.017728766960431602,348.36600000000004,86.46000000000001,2.9471000000000007,1.0,8.0,5.0,0.9615384615384616,1.7692307692307692,2.5384615384615383,0.0,130.0
GW804482X ,COC1=CC(=CC=C1)COC2=C(SC(=C2)[N]3C=NC4=C3C=CC=C4)C(N)=O,77.0,1.9,0.82,HEK293,-0.08618614761628333,379.44100000000014,79.37,3.773500000000002,1.0,6.0,6.0,1.1851851851851851,2.037037037037037,2.8518518518518516,0.0,136.0
GW805758X ,CC(C)C1=CC=C(NC2=NC(=CC=N2)C3=C4C=CC=N[N]4N=C3)C=C1,965.0,3,0.87,HEK293,-0.060480747381381476,330.395,68.0,4.053300000000002,1.0,6.0,4.0,0.96,1.8,2.6,0.0,124.0
GW806290X ,C1COC2=C(O1)C=CC(=C2)NC3=NC(=CC=N3)C4=C5C=CC=N[N]5N=C4,73.0,1.9,0.97,HEK293,-0.01322826573375516,346.35,86.46,2.7011000000000003,1.0,8.0,3.0,0.9615384615384616,1.8846153846153846,2.8461538461538463,0.0,128.0
GW810576X ,COC1=CC(=CC=C1)NC2=NC(=CC=N2)C3=C4C=CC=N[N]4N=C3,92.0,2,1.0,HEK293,0.0,318.34000000000003,77.23,2.9385000000000003,1.0,7.0,4.0,1.0416666666666667,2.0,2.9166666666666665,0.0,118.0
GW811168X ,COC1=CC(=CC=C1)[N]2N=CC3=C2N=CN=C3N\N=C\C4=CC=C(C=C4)[S](C)(=O)=O,252.0,2.4,0.2,HEK293,-0.6989700043360187,422.47000000000014,111.35999999999999,2.6736000000000004,1.0,9.0,6.0,1.1333333333333333,1.9333333333333333,2.6666666666666665,0.0,152.0
GW831091X ,N[S](=O)(=O)C1=CC=C(NC2=CC(=N[NH]2)C3=CC(=C(O)C=C3)F)C=C1,3.3,0.5,0.076,HEK293,-1.1191864077192086,348.35900000000004,121.10000000000001,2.3124000000000002,4.0,5.0,4.0,1.125,1.8333333333333333,2.4583333333333335,0.0,124.0
GW843682X ,COC1=C(OC)C=C2[N](C=NC2=C1)C3=CC(=C(S3)C(N)=O)OCC4=C(C=CC=C4)C(F)(F)F,244.0,2.4,1.3,HEK293,0.11394335230683679,477.46400000000017,88.60000000000001,4.800900000000003,1.0,7.0,7.0,1.0909090909090908,1.7878787878787878,2.4545454545454546,0.0,172.0
GW852849X ,COC1=C(OC)C=C2[N](C=NC2=C1)C3=CC(=C(S3)C(N)=O)OCC4=C(Cl)C=CC=C4,110.0,2,0.75,HEK293,-0.12493873660829995,443.91200000000015,88.60000000000001,4.435500000000003,1.0,7.0,7.0,1.1333333333333333,1.8666666666666667,2.566666666666667,0.0,154.0
GW853606X ,NC(=O)C1=C(OCC2=C(Br)C=CC=C2)C=C(S1)[N]3C=NC4=C3C=C(C=C4)C(F)(F)F,1047.0,3,0.18,HEK293,-0.744727494896694,496.3080000000001,70.14000000000001,5.5462000000000025,1.0,5.0,5.0,1.2,1.9666666666666666,2.6666666666666665,0.0,154.0
Imipramine,CN(C)CCCN1c2ccccc2CCc2ccccc21,425.0,2.6,7.1,HEK293,0.8512583487190752,280.415,6.48,3.8750000000000027,0.0,2.0,4.0,0.8571428571428571,1.380952380952381,1.9047619047619047,0.0,110.0
Indomethacin,COc1ccc2c(c1)c(CC(=O)O)c(C)n2C(=O)c1ccc(Cl)cc1,14.0,1.1,1.4,HEK293,0.146128035678238,357.793,68.53,3.9273200000000026,1.0,4.0,4.0,1.16,1.84,2.44,0.0,128.0
Irinotecan,CCc1c2c(nc3ccc(OC(=O)N4CCC(N5CCCCC5)CC4)cc13)-c1cc3c(c(=O)n1C2)COC(=O)[C@]3(O)CC,8.7,0.9,0.26,HEK293,-0.585026652029182,586.6890000000004,114.2,4.0911000000000035,1.0,9.0,4.0,1.069767441860465,1.8372093023255813,2.558139534883721,0.0,226.0
Ketoconazole,CC(=O)N1CCN(c2ccc(OCC3COC(Cn4ccnc4)(c4ccc(Cl)cc4Cl)O3)cc2)CC1,228.0,2.4,2.6,HEK293,0.414973347970818,531.4399999999999,69.06,4.205800000000003,0.0,7.0,7.0,1.1388888888888888,1.9166666666666667,2.5833333333333335,0.0,190.0
Lopinavir,Cc1cccc(C)c1OCC(=O)N[C@@H](Cc1ccccc1)[C@@H](O)C[C@H](Cc1ccccc1)NC(=O)[C@H](C(C)C)N1CCCNC1=O,55.0,1.7,0.38,HEK293,-0.42021640338318983,628.8139999999999,120.0,4.328140000000003,4.0,5.0,15.0,0.8913043478260869,1.5,2.0869565217391304,0.0,246.0
Lovastatin,CC[C@H](C)C(=O)O[C@H]1C[C@@H](C)C=C2C=C[C@H](C)[C@H](CC[C@@H]3C[C@@H](O)CC(=O)O3)[C@H]21,440.0,2.6,1.4,HEK293,0.146128035678238,404.54700000000025,72.83,4.195500000000004,1.0,5.0,6.0,1.3103448275862069,2.0689655172413794,2.7586206896551726,0.0,162.0
Metoprolol,COCCc1ccc(OCC(O)CNC(C)C)cc1,12.0,1.1,7.3,HEK293,0.8633228601204559,267.36899999999997,50.72,1.6132,2.0,4.0,9.0,1.2105263157894737,1.894736842105263,2.473684210526316,0.0,108.0
Nelfinavir,Cc1c(O)cccc1C(=O)N[C@@H](CSc1ccccc1)[C@H](O)CN1C[C@H]2CCCC[C@H]2C[C@H]1C(=O)NC(C)(C)C,424.0,2.6,0.18,HEK293,-0.744727494896694,567.7960000000003,101.9,4.747620000000004,4.0,6.0,9.0,1.05,1.75,2.45,0.0,218.0
Olmesartan,CCCc1nc(C(C)(C)O)c(C(=O)O)n1Cc1ccc(-c2ccccc2-c2nnn[nH]2)cc1,0.69,-0.2,0.0288,HEK293,-1.5406075122407692,446.5110000000001,129.81,3.656600000000002,3.0,7.0,8.0,1.0909090909090908,1.7878787878787878,2.3636363636363638,0.0,170.0
Ondansetron,Cc1nccn1CC1CCc2c(c3ccccc3n2C)C1=O,24.0,1.4,2.7,HEK293,0.43136376415898736,293.37000000000006,39.82,3.1285200000000017,0.0,4.0,2.0,1.3181818181818181,2.1363636363636362,2.909090909090909,0.0,112.0
Pitavastatin,O=C(O)C[C@H](O)C[C@H](O)/C=C/c1c(C2CC2)nc2ccccc2c1-c1ccc(F)cc1,4.3,0.6,0.12,HEK293,-0.9208187539523752,421.4680000000001,90.65,4.518100000000003,3.0,4.0,8.0,1.1290322580645162,1.8387096774193548,2.5161290322580645,0.0,160.0
Pravastatin,CC[C@H](C)C(=O)O[C@H]1C[C@H](O)C=C2C=C[C@H](C)[C@H](CC[C@@H](O)C[C@@H](O)CC(=O)O)[C@H]21,0.689,-0.2,0.059,HEK293,-1.2291479883578558,424.5340000000002,124.29,2.4404000000000003,4.0,6.0,10.0,1.2666666666666666,1.9666666666666666,2.6,0.0,170.0
Prazosin,COc1cc2nc(N3CCN(C(=O)c4ccco4)CC3)nc(N)c2cc1OC,27.0,1.4,1.6,HEK293,0.2041199826559248,383.40800000000024,106.95,1.7845999999999997,1.0,8.0,4.0,1.1071428571428572,1.8214285714285714,2.4642857142857144,0.0,146.0
Propranolol,CC(C)NCC(O)COc1cccc2ccccc12,138.0,2.1,4.8,HEK293,0.6812412373755872,259.34900000000005,41.489999999999995,2.5775000000000006,2.0,3.0,6.0,1.105263157894737,1.8421052631578947,2.6315789473684212,0.0,102.0
Repaglinide,CCOc1cc(CC(=O)N[C@@H](CC(C)C)c2ccccc2N2CCCCC2)ccc1C(=O)O,72.0,1.9,1.1,HEK293,0.04139268515822508,452.5950000000003,78.87,5.219900000000005,2.0,4.0,10.0,1.0909090909090908,1.8181818181818181,2.484848484848485,0.0,178.0
Ritonavir,CC(C)c1nc(CN(C)C(=O)N[C@H](C(=O)N[C@@H](Cc2ccccc2)C[C@H](O)[C@H](Cc2ccccc2)NC(=O)OCc2cncs2)C(C)C)cs1,103.0,2,1.7,HEK293,0.2304489213782739,720.9620000000001,145.77999999999997,5.905200000000005,4.0,9.0,17.0,0.9,1.56,2.14,0.0,268.0
Rosiglitazone,CN(CCOc1ccc(CC2SC(=O)NC2=O)cc1)c1ccccn1,17.0,1.2,0.87,HEK293,-0.060480747381381476,357.435,71.53,2.490900000000001,1.0,6.0,7.0,1.2,2.0,2.64,0.0,130.0
Saquinavir,CC(C)(C)NC(=O)[C@@H]1C[C@@H]2CCCC[C@@H]2CN1C[C@@H](O)[C@H](Cc1ccccc1)NC(=O)[C@H](CC(N)=O)NC(=O)c1ccc2ccccc2n1,259.0,2.4,0.62,HEK293,-0.20760831050174613,670.855,166.75,3.092400000000003,5.0,7.0,12.0,0.9387755102040817,1.6326530612244898,2.3469387755102042,0.0,262.0
SB-675259-M ,OC(=O)C(F)(F)F.O=C(NC1=N[NH]C2=NN=C(C=C12)C3=CN=CC=C3)C4CC4,4.7,0.7,1.1,HEK293,0.04139268515822508,394.3130000000002,133.75,2.3967,3.0,6.0,3.0,1.25,1.9642857142857142,2.5357142857142856,0.0,146.0
SB-725317 ,OC1=CC=C(C=C1)C2=C(Br)C=C3C(=N[NH]C3=N2)NC(=O)C4CC4,124.0,2.1,1.7,HEK293,0.2304489213782739,373.2100000000001,90.9,3.4415000000000013,3.0,4.0,3.0,1.3043478260869565,2.0434782608695654,2.739130434782609,0.0,116.0
SB-732881 ,CN1CCC(CC1)C(=O)NC2=N[NH]C3=NC(=C(Br)C=C23)C4=CC=C(O)C=C4,25.0,1.4,0.83,HEK293,-0.08092190762392612,430.3060000000001,94.14,3.3733000000000013,3.0,5.0,3.0,1.2962962962962963,2.0,2.7037037037037037,0.0,140.0
Simvastatin acid,CCC(C)(C)C(=O)O[C@H]1C[C@@H](C)C=C2C=C[C@H](C)[C@H](CC[C@@H]3C[C@@H](O)CC(=O)O3)[C@H]21,42.0,1.6,0.7,HEK293,-0.1549019599857432,418.57400000000024,72.83,4.585600000000005,1.0,5.0,6.0,1.2666666666666666,2.0,2.6666666666666665,0.0,168.0
Verapamil,COc1ccc(CCN(C)CCCC(C#N)(c2ccc(OC)c(OC)c2)C(C)C)cc1OC,151.0,2.2,5.1,HEK293,0.7075701760979364,454.6110000000002,63.95,5.093080000000005,0.0,6.0,13.0,0.8484848484848485,1.4242424242424243,1.9696969696969697,0.0,180.0
sesamol,Oc1ccc2c(c1)OCO2,0.01,-1.9,0.01,SK-MEL-2,-2.0,138.12199999999999,38.69,1.1208999999999998,1.0,3.0,0.0,1.2,2.0,2.9,0.0,52.0
sesamin,C1Oc2c(O1)cc(cc2)C1OCC2C1COC2c1ccc2c(c1)OCO2,0.5,-0.3,0.5,SK-MEL-2,-0.3010299956639812,354.3580000000001,55.38000000000001,3.2192000000000016,0.0,6.0,2.0,0.5769230769230769,1.0384615384615385,1.5384615384615385,0.0,134.0
sesamolin,C1Oc2c(O1)cc(cc2)OC1OCC2C1COC2c1ccc2c(c1)OCO2,1.79,0.3,1.79,SK-MEL-2,0.2528530309798932,370.35700000000014,64.61000000000001,2.883000000000001,0.0,7.0,3.0,0.7037037037037037,1.4074074074074074,2.259259259259259,0.0,140.0
