,Mean,SD
ABC,2.5687973208077253e-05,7.914055567026277e-06
ABCGG,-2.0848594241973385e-05,1.6626951661862435e-05
nAcid,0.0,0.0
nBase,-2.717740839852656e-06,6.606351530871213e-06
SpAbs_A,3.354543368974117e-05,2.8325260343384682e-05
SpMax_A,0.0006900907079200657,0.0001991316647871784
SpDiam_A,0.0002060855936484196,7.558742330588562e-05
SpAD_A,9.611712405466211e-06,8.096517451939387e-06
SpMAD_A,0.0002325465181373443,9.350080053920736e-05
LogEE_A,4.313156886778247e-05,2.5341328669750172e-05
VE1_A,0.0004914027346059168,0.0002626403086427872
VE2_A,1.453249732249473e-05,2.76683670035274e-05
VE3_A,-1.9842828183902483e-05,3.6584827503193254e-05
VR1_A,4.616086247433149e-05,6.596468045522902e-05
VR2_A,0.00022550324384109643,5.842402969362549e-05
VR3_A,-1.2733260656794254e-05,5.0102467700003044e-05
nAromAtom,1.4524599879162103e-05,2.273245900775268e-05
nAromBond,5.791591482884329e-06,3.092354120273364e-06
nAtom,5.72872571636962e-06,1.2997938332471674e-05
nHeavyAtom,4.0139959351592754e-06,1.2866309885741864e-05
nSpiro,0.0,0.0
nBridgehead,0.0,0.0
nHetero,2.0799854950626084e-05,1.0220811082560937e-05
nH,-1.2459686633992106e-06,2.2696078708574185e-05
nB,0.0,0.0
nC,-4.636057845164299e-06,4.583472445610981e-06
nN,0.0002750309889441027,8.642809864289616e-05
nO,6.00271382033668e-05,3.2419281359254054e-05
nS,-3.860026142898931e-06,2.24479785287565e-06
nP,0.0,0.0
nF,1.2472621743353506e-05,8.577915480243889e-06
nCl,-9.153882722989781e-06,8.431035820403082e-06
nBr,1.9349027176041033e-07,1.60939200746224e-06
nI,0.0,0.0
nX,3.3726831235147968e-06,7.249836826322114e-06
ATS0dv,0.00013025106196498104,5.729229598895131e-05
ATS1dv,0.00021886682910434718,8.323047759909718e-05
ATS2dv,0.00016012633204888217,0.00010619940174203359
ATS3dv,1.046087341829427e-05,6.9103011983314805e-06
ATS4dv,7.72901771758261e-05,6.130204702212739e-05
ATS5dv,0.00012863764653293642,6.890911219411484e-05
ATS6dv,0.00017904121687998265,8.084072102762947e-05
ATS7dv,0.0007587077585071045,0.00026902298581652135
ATS8dv,0.00010458046903638607,9.179183047669806e-05
ATS0d,-4.746646582964864e-06,1.3624709709303074e-05
ATS1d,3.290843174958979e-05,1.8307843538204825e-05
ATS2d,1.7584596804232077e-07,5.587173316519856e-06
ATS3d,-6.756043636990672e-06,1.87331770631223e-05
ATS4d,0.00010674132661283586,4.4266825074927006e-05
ATS5d,3.981375178404578e-05,5.688019429732547e-05
ATS6d,2.364109510598622e-05,8.333116575634962e-06
ATS7d,5.9495221238903274e-05,2.3022883140222015e-05
ATS8d,3.562197370307052e-05,3.450591172106859e-06
ATS0s,1.035681876093708e-06,4.468360917643757e-06
ATS1s,0.00010767035100974764,5.411231140469915e-05
ATS2s,-5.832898457114322e-06,1.3648095341403625e-05
ATS3s,0.00034221740565835155,4.874363624102018e-05
ATS4s,-1.9589341624848268e-05,2.439235218058732e-05
ATS5s,1.5729685698018248e-05,1.4364406482253334e-05
ATS6s,0.00010932708388098345,7.754715137613772e-05
ATS7s,4.152739636321678e-05,3.677112546399673e-05
ATS8s,2.031004216115351e-05,3.493992218685646e-05
ATS0Z,7.390591440630257e-05,4.4414725424341e-05
ATS1Z,2.5397269625226925e-05,2.2796970542650828e-05
ATS2Z,0.0005918876014858298,0.0002677779886057382
ATS3Z,0.0009659821680935487,0.0003090618381324637
ATS4Z,-1.5031694406641983e-06,2.7963083807836684e-05
ATS5Z,1.84311766148193e-05,1.6741112809778857e-05
ATS6Z,-4.402835042982556e-06,6.394601509020366e-06
ATS7Z,0.0001230136015095029,6.679296384950094e-05
ATS8Z,0.00026272095042018107,2.1380210765232366e-05
ATS0m,0.00012204864181903918,5.283160466424038e-05
ATS1m,2.427446556938495e-05,3.478162739882368e-05
ATS2m,0.0002845116006305659,6.043815297957346e-05
ATS3m,-1.6917061186294547e-05,6.747101372418683e-06
ATS4m,-4.5323191851798226e-07,9.058044379191005e-06
ATS5m,9.59136757031187e-05,5.820241266859769e-05
ATS6m,0.000376211943202498,0.0002009031367320435
ATS7m,0.00034740389127011493,0.00011972499126288408
ATS8m,3.8905412751188975e-05,2.028038592092162e-05
ATS0v,-1.4559640677980212e-05,3.483318711315149e-05
ATS1v,4.812425070502835e-05,6.182916648271152e-05
ATS2v,0.0003688733948627565,0.00010744480796198834
ATS3v,-2.875528381117709e-05,1.673791114270984e-05
ATS4v,2.9553734706255773e-06,8.621829266814278e-06
ATS5v,2.5963977916765303e-06,1.652892610140994e-05
ATS6v,5.0448284966475576e-05,1.620590360702477e-05
ATS7v,2.8942201334480888e-05,5.3578032376928606e-05
ATS8v,-1.7194875396608912e-05,1.4099571612620081e-05
ATS0se,-4.092931284405132e-06,4.551488325303431e-06
ATS1se,1.0589924311277255e-05,8.867420388096848e-06
ATS2se,0.00020670740442355618,3.940538494679936e-05
ATS3se,3.5406431793783e-05,1.7947685956950712e-05
ATS4se,1.932901676863219e-05,3.9140782872707296e-05
ATS5se,-6.224261387233199e-06,4.695003378116382e-06
ATS6se,8.269765814888919e-05,8.27097311823688e-05
ATS7se,8.71703230607146e-06,6.439952315353001e-06
ATS8se,-6.350795276818255e-05,0.0001594572915938511
ATS0pe,4.976908571517891e-05,5.1038738429073166e-05
ATS1pe,2.8000914570669443e-06,3.9487183679465816e-06
ATS2pe,-1.0782151424471031e-06,1.609416073012674e-05
ATS3pe,-2.2509019017569187e-05,2.068528609211159e-05
ATS4pe,7.625055489383082e-05,3.983579024016944e-05
ATS5pe,5.924240589727514e-06,4.24139785322335e-06
ATS6pe,4.6713580945878516e-06,7.320764149548118e-06
ATS7pe,-2.4796593679043964e-06,5.647503762981827e-06
ATS8pe,-1.0365009749269127e-06,4.3950387548629904e-05
ATS0are,1.3545847035467684e-05,1.9424255244888172e-05
ATS1are,1.5756417092527288e-05,1.2605791892545231e-05
ATS2are,0.00014296878216859543,5.036415026643833e-05
ATS3are,-2.757070057679556e-06,1.0580628761039435e-05
ATS4are,6.370449823701607e-05,5.1131269804464085e-05
ATS5are,-3.340035590149171e-06,1.3100562885255398e-05
ATS6are,2.20391116326768e-05,5.5821631584754974e-05
ATS7are,0.0004667460348312891,5.041397216384474e-05
ATS8are,7.77994213163602e-08,4.076019888512353e-05
ATS0p,9.255401084318215e-07,9.534809419009527e-07
ATS1p,-3.222101988775705e-07,3.4513223721470895e-06
ATS2p,-8.185561539586494e-06,3.2175964573542515e-05
ATS3p,1.5867994320484248e-05,2.0136489701319942e-05
ATS4p,-7.510565886892362e-06,9.606927234296444e-06
ATS5p,0.0003763797613088982,0.00014337022746107954
ATS6p,0.00011769214199154332,5.749482108344555e-05
ATS7p,1.708326673522942e-05,1.940452606117278e-05
ATS8p,4.5675547382917346e-05,2.939512001928984e-05
ATS0i,1.3056052956406106e-05,8.16554019184803e-06
ATS1i,-1.613524922394749e-06,1.272897456383293e-06
ATS2i,-3.0188074795489685e-08,5.654209617752751e-06
ATS3i,9.113959097223345e-05,3.494127926371432e-05
ATS4i,1.236479174706595e-05,1.0153670755349337e-05
ATS5i,2.9602794152761014e-05,2.0470256431580447e-05
ATS6i,0.00024776224551588123,0.00010038440044332202
ATS7i,-8.568478271778757e-05,7.658991524999132e-05
ATS8i,-3.975049240634299e-06,1.3267858621332911e-05
AATS0dv,8.926042439668657e-05,3.74027339375366e-05
AATS1dv,9.434009120423692e-06,1.6853590832643463e-05
AATS2dv,0.0002709562990323988,0.00013376676888600213
AATS3dv,0.0011790283820010128,0.0002467933227003016
AATS4dv,0.0022085320026788203,0.0005707114266438991
AATS5dv,0.00044334614911536454,0.00016748023738074854
AATS6dv,5.3490096925745687e-05,2.0112208690839224e-05
AATS7dv,-7.122461889107479e-05,4.750408500560542e-05
AATS8dv,0.0004333892217251556,0.00019114202424552155
AATS0d,-8.851547936639114e-06,2.5874824970294832e-05
AATS1d,2.5563822910013023e-05,1.6783604771792875e-05
AATS2d,0.00014823112966569907,9.160321419935045e-05
AATS3d,5.917378232346282e-05,5.117419097886753e-05
AATS4d,0.0003595225676943703,9.66645180748138e-05
AATS5d,6.724596436817887e-05,2.1365739000816768e-05
AATS6d,0.00020961603940066186,0.0001038175298597062
AATS7d,7.48062661860227e-05,5.904113986544799e-05
AATS8d,0.00222625261725371,0.00047123927497458746
AATS0s,0.000291408682415617,0.00011512117449829685
AATS1s,0.0001371075027960411,8.336301267770742e-05
AATS2s,1.5440453832060718e-06,1.0844529503139524e-05
AATS3s,0.000252862328777792,0.00011055317608422646
AATS4s,7.332628763710991e-05,2.4746780432766253e-05
AATS5s,1.9159861992690264e-05,1.9148400411516684e-05
AATS6s,0.00010990100495457122,4.095840631487471e-05
AATS7s,8.408481991006855e-05,7.319131674010077e-05
AATS8s,0.00023553522726748043,7.903629011749502e-05
AATS0Z,6.320140249173045e-05,0.00011235641782387262
AATS1Z,1.7680665038699583e-05,5.209379172238357e-05
AATS2Z,4.134716551379425e-05,2.359833447402907e-05
AATS3Z,0.0001569152932994977,0.0001404770537012345
AATS4Z,6.496728586851131e-05,2.3555664344467558e-05
AATS5Z,0.001733285005800156,0.0004209477366458479
AATS6Z,0.0011853739073331316,0.00035168856755370045
AATS7Z,0.0017067488206459203,0.00032559902546418733
AATS8Z,0.0005891122871449662,0.0001808477491845011
AATS0m,-5.259596738664829e-05,2.9228263012674552e-05
AATS1m,0.0002481826983393387,0.00018165421346374574
AATS2m,0.00011204461821366918,5.40383674249983e-05
AATS3m,0.0015886267850099833,0.0004418732220035599
AATS4m,3.010342071008143e-06,1.8131740584362054e-05
AATS5m,0.0007219529458865282,0.00024104065812286798
AATS6m,0.0024862318274390337,0.0006160520321307478
AATS7m,0.0029563298405640426,0.0005987121820873986
AATS8m,-2.9560681107709818e-06,6.273587073375794e-06
AATS0v,0.0003084342931855666,7.40339476025059e-05
AATS1v,0.00013639246755480227,6.179419879462043e-05
AATS2v,2.503125285627794e-05,0.00020987356158226985
AATS3v,0.0017369384679530198,0.0004970815079434407
AATS4v,0.00010120770497310528,2.7480242671670195e-05
AATS5v,0.00015641802047381415,3.192160201543837e-05
AATS6v,0.000844517346940632,0.00024859453817845117
AATS7v,0.0008134183610714163,0.0003403773394350024
AATS8v,0.0019760741789683124,0.00042416247780224347
AATS0se,-3.6287259777512124e-05,5.596181835270052e-05
AATS1se,0.0001262550952129793,8.524943088069878e-05
AATS2se,0.00017125053249558153,6.803270548946271e-05
AATS3se,0.00023025270695986588,0.00012072510028243586
AATS4se,0.0015278682175446701,0.00040785819849131647
AATS5se,7.018901518281994e-05,1.158539398761734e-05
AATS6se,0.0003949127850336298,0.00013739869358940596
AATS7se,0.0021476614969930365,0.00044121541144972115
AATS8se,0.0009634968051782988,0.0002864590935829904
AATS0pe,-4.8669555708480415e-06,2.1860697646327485e-05
AATS1pe,-4.2088133576712036e-05,1.819123986101348e-05
AATS2pe,0.00015818710848123363,9.867352832157644e-05
AATS3pe,1.6852152800739262e-05,1.8125692965605782e-05
AATS4pe,5.1728163906017424e-05,2.513917628929588e-05
AATS5pe,1.749610685269909e-05,1.9772631959153796e-05
AATS6pe,0.00023703826767584868,0.00012091828574222082
AATS7pe,0.0007735627260334499,0.00020187496944343053
AATS8pe,0.00027143677492670327,0.00013226588605997947
AATS0are,2.686394717343887e-07,4.663730637038085e-06
AATS1are,0.00014029298836427674,3.886810147875822e-05
AATS2are,0.0002975439645832911,0.00011460618142508815
AATS3are,3.536554614959053e-05,2.6863008861201747e-05
AATS4are,6.583275734288741e-05,4.736200599752348e-05
AATS5are,0.00016979819957194665,0.00010290735311808346
AATS6are,0.00014558838293757815,8.520089825697047e-05
AATS7are,0.00014058960567443491,0.00013890218632756253
AATS8are,-3.4106388607790805e-07,3.816068357914803e-05
AATS0p,0.0012711392410068023,0.0004540413021074349
AATS1p,0.00040403296218592953,8.365450534047739e-05
AATS2p,0.00033550432271594043,0.0001241745600892032
AATS3p,0.0008842989043982618,0.00017010439536084034
AATS4p,0.00023319768036993426,3.98605150365464e-05
AATS5p,0.0003888550357089238,0.0002080383548141276
AATS6p,-7.2051416110108235e-06,2.6739561107709334e-05
AATS7p,0.0007862595065781464,0.00017787832313738956
AATS8p,0.020760244704457996,0.004953413192484128
AATS0i,0.00034705801590600993,0.00019680788723740606
AATS1i,0.0010364547727571226,0.00024216447211364644
AATS2i,0.0004832743991086463,9.192951962375964e-05
AATS3i,0.00038741696783106683,9.508450919679179e-05
AATS4i,0.00021952288167578215,0.00010487229176625349
AATS5i,0.0016884469642703959,0.000274771471856518
AATS6i,0.0007627567856780093,0.00025218096767269074
AATS7i,0.000416666027790058,0.00017722728108275225
AATS8i,0.0011388962541559744,0.00023287230196545095
ATSC0c,0.0005640557655468669,7.43398875662864e-05
ATSC1c,0.002186230733598293,0.00039858970307282124
ATSC2c,0.000776056809094361,0.00013770499798749624
ATSC3c,0.0006899118334692034,0.00012919530063111204
ATSC4c,0.0076944519402322945,0.002412217443819527
ATSC5c,0.0005962377665331808,0.0001383632574580657
ATSC6c,0.00016966161269245107,0.00012595508879171034
ATSC7c,0.0003320042965828551,0.0001272165786702706
ATSC8c,0.00020855851374550481,7.728573035220691e-05
ATSC0dv,0.00020788598121034284,6.072848386569842e-05
ATSC1dv,0.0006366769699936436,0.00020773835827957784
ATSC2dv,0.000806430871148145,0.00021070522908502154
ATSC3dv,6.200873163338949e-05,4.992384148977301e-05
ATSC4dv,0.0004962554630259075,0.00013634818250956904
ATSC5dv,4.3069056103750555e-05,2.8552979865055645e-05
ATSC6dv,0.00015273810709705017,4.49519436224635e-05
ATSC7dv,0.0001922971020952069,9.530757748808943e-05
ATSC8dv,3.12491927962677e-05,2.187951870736035e-05
ATSC0d,1.94277878921012e-05,1.2535725826676041e-05
ATSC1d,0.0006780610240601726,0.0002157775518408629
ATSC2d,0.0005796206514691593,0.00019895788307959273
ATSC3d,0.00033190518080034037,0.00012595112329596205
ATSC4d,0.0002546559793557113,9.710746370489e-05
ATSC5d,0.0013803260953607066,0.00042948878102736995
ATSC6d,0.0001550382103672532,4.153554207460276e-05
ATSC7d,0.00011742959276220822,5.521746390226124e-05
ATSC8d,0.00017256281420905407,0.00010562531353866937
ATSC0s,0.0003913709722753511,7.988571638856322e-05
ATSC1s,0.0001868606320916677,6.380530647624994e-05
ATSC2s,9.25211238196777e-05,3.693300822390499e-05
ATSC3s,0.011866216815038234,0.0027708134870611575
ATSC4s,0.0008768331985173794,0.00013007276628683565
ATSC5s,0.00046789653773302573,0.0002134289226124978
ATSC6s,2.7104512344100495e-05,3.3509725549303343e-05
ATSC7s,0.0003229808173330961,6.112563532144652e-05
ATSC8s,0.00027741630870729004,0.00022533555136326975
ATSC0Z,-2.8281778154948254e-07,3.1788512242578227e-06
ATSC1Z,0.0006581076591117508,0.00016057677871268632
ATSC2Z,0.004074152977586598,0.0006845549542772663
ATSC3Z,2.3829083694537623e-05,2.0265635508310906e-05
ATSC4Z,7.131791300137857e-05,0.0001379959848684421
ATSC5Z,-1.9666957060793243e-06,5.104444653657124e-05
ATSC6Z,0.00027677607555386395,8.36517742540677e-05
ATSC7Z,0.0001941537588367681,9.198779712168582e-05
ATSC8Z,0.0010679842511969518,0.00018213701927490946
ATSC0m,0.0005620119449979754,0.00010612565911747206
ATSC1m,0.004118192001456422,0.0008047433355121389
ATSC2m,0.003820807143523863,0.0008639610676841735
ATSC3m,0.0002803685479814244,0.0001525686560911979
ATSC4m,3.955892853176879e-05,1.6265135825862186e-05
ATSC5m,4.1662056045910224e-05,2.0003537466742083e-05
ATSC6m,0.0001763253420886568,0.00011566272399831854
ATSC7m,0.0007136174767859771,0.00017767330715751312
ATSC8m,0.0008902418894897512,0.00025363004417828844
ATSC0v,6.42329575233358e-06,1.1705095332088819e-05
ATSC1v,4.808057270999644e-06,6.338095353651965e-05
ATSC2v,0.0004088353830244085,0.00016482726453015113
ATSC3v,0.0010433419431690849,0.0002857023063766965
ATSC4v,0.00043660374725770226,0.0001542139634501734
ATSC5v,0.0009853757608960013,0.00031952351174897343
ATSC6v,0.0011442665719495037,0.000381013605151981
ATSC7v,6.234518167845815e-05,3.396884894580671e-05
ATSC8v,7.849651185014573e-05,5.156490663379634e-05
ATSC0se,0.00015641226848737145,7.156974849391276e-05
ATSC1se,0.0004237605319370785,9.577460551982678e-05
ATSC2se,0.0001059578502584535,9.276082140664539e-05
ATSC3se,0.0005661720238153145,0.00017680670244144187
ATSC4se,0.0024612117921621436,0.0004744440359292909
ATSC5se,0.0016373206826103103,0.0005776555050038633
ATSC6se,0.00029411932647779306,0.00013430773002123719
ATSC7se,0.001581394558415894,0.00048305452891082975
ATSC8se,-5.465345940192101e-06,8.7529623731943e-06
ATSC0pe,0.00030710120677741594,0.00019748594246972434
ATSC1pe,0.000136758396010761,7.59548378337181e-05
ATSC2pe,3.1277552742203786e-05,5.54949957781063e-05
ATSC3pe,0.00010940583434395634,2.78230354593643e-05
ATSC4pe,0.0022140376616909597,0.0002790898632624333
ATSC5pe,5.187176731644705e-05,2.7728810900249502e-05
ATSC6pe,0.0001829735503241392,3.0057434551648253e-05
ATSC7pe,0.0002632907351139413,0.00013033878350363165
ATSC8pe,-1.931253084531681e-05,5.400975749490842e-05
ATSC0are,0.00025391283135342004,6.465189867631579e-05
ATSC1are,0.0002929182631411065,0.00013349814999934857
ATSC2are,-4.062818716377148e-06,1.1690689107242699e-05
ATSC3are,6.110050569440029e-05,5.29567181111099e-05
ATSC4are,0.016658082049585653,0.004001006581991406
ATSC5are,0.0008649945736886267,0.00024029353598931065
ATSC6are,-5.247055684043378e-06,1.469293242884854e-05
ATSC7are,0.0002824320808160752,0.00012377175602988215
ATSC8are,0.0005175712790619347,0.000144059991805712
ATSC0p,2.6006454636229303e-05,1.3747824655225812e-05
ATSC1p,0.0007960082244212185,0.00022728624913490275
ATSC2p,7.4486157370823315e-06,2.3550201835003714e-05
ATSC3p,0.0019468103457935925,0.0006353369431048151
ATSC4p,0.0007224512530220051,0.0002175326388497885
ATSC5p,0.0008982777740634384,0.00022180933955817493
ATSC6p,0.00016825772436676045,7.626669254504089e-05
ATSC7p,0.0007979657260061557,0.00014165735027562863
ATSC8p,9.123709034427607e-05,3.4613630856963364e-05
ATSC0i,0.00015608925803860528,6.942168410501892e-05
ATSC1i,0.00020443228546966895,0.00012410903493482892
ATSC2i,0.00023059241967935407,9.703453016031858e-05
ATSC3i,0.0005880594284474516,0.0001258007589701552
ATSC4i,0.000882719178737057,0.00012575506313576595
ATSC5i,0.0005508156186713852,0.00018831760296426485
ATSC6i,0.0006178765365542404,9.806719085411622e-05
ATSC7i,0.0006113169986091682,0.00028685519186781583
ATSC8i,0.0006035367332728802,0.00015696482326663617
AATSC0c,2.118380857041302e-06,1.5112197951535067e-05
AATSC1c,0.0050462591978284845,0.000885930129867361
AATSC2c,0.0004513342685847466,0.00017655741576923654
AATSC3c,0.0004097719289938739,8.810847568132158e-05
AATSC4c,0.0006053043414972036,0.0002728129658097099
AATSC5c,0.0005733318424324341,7.366410235379627e-05
AATSC6c,0.0002538009144954723,0.000127590023485849
AATSC7c,0.0005622709096789302,8.202601223165527e-05
AATSC8c,1.8246793724274736e-05,4.7147746977071846e-05
AATSC0dv,0.00016767952932771334,4.259410682694382e-05
AATSC1dv,0.0009617627776502102,0.0003779188360374887
AATSC2dv,0.0007748385895869237,0.00030403352562943087
AATSC3dv,5.531707914396833e-05,2.8311102668351116e-05
AATSC4dv,3.8464869796317466e-05,3.591280451236132e-05
AATSC5dv,8.590868276149299e-05,4.186094389194078e-05
AATSC6dv,0.0005545894149117214,0.00019904453404896385
AATSC7dv,0.0004392036249027842,7.681209307450119e-05
AATSC8dv,0.00010133514538749334,4.763944750678781e-05
AATSC0d,9.500849036414571e-05,0.0001885075536537194
AATSC1d,7.166593853463743e-05,7.16208527800992e-05
AATSC2d,-6.179374216541689e-06,1.738038123883085e-05
AATSC3d,-4.822140469706859e-06,2.268155649950319e-05
AATSC4d,0.0001858699748729209,8.331809394260724e-05
AATSC5d,0.00011601440193772516,5.4762161837120096e-05
AATSC6d,0.0012361896419995078,0.0005805998148645649
AATSC7d,9.030276855381825e-05,6.645768022255584e-05
AATSC8d,0.0007182863385001292,0.0002161522416375684
AATSC0s,0.0012863804360323417,0.0003405872296338566
AATSC1s,3.552834058840881e-05,5.3844535528308224e-05
AATSC2s,0.0007580453021349909,0.0002844917119935032
AATSC3s,0.0009678062001977405,0.00014120777063008415
AATSC4s,0.0003208034346523725,0.00015618599159096302
AATSC5s,2.114810999785943e-05,1.6042351692042262e-05
AATSC6s,1.2464326704497709e-05,1.539959482659034e-05
AATSC7s,0.0015563238739475516,0.00023356498013079338
AATSC8s,5.7141194793419724e-05,4.212947529733883e-05
AATSC0Z,0.0003966039577539826,9.059303463270372e-05
AATSC1Z,3.7706484060895386e-05,5.2400025947594516e-05
AATSC2Z,0.001019600794377784,0.00032077677057351834
AATSC3Z,5.4153595119466044e-05,3.340235820631159e-05
AATSC4Z,8.938547459458324e-06,2.3296942978572934e-05
AATSC5Z,0.0003467966205388473,6.85331493600962e-05
AATSC6Z,1.3461482349863551e-05,3.475100678608662e-05
AATSC7Z,0.0004036704639662103,5.8214609627731694e-05
AATSC8Z,8.00856916582493e-05,0.0001243976414912056
AATSC0m,3.298305955365954e-05,3.8912472458939894e-05
AATSC1m,0.0006334379239958943,0.00011699010812382599
AATSC2m,0.001618844128924668,0.0006162790283217402
AATSC3m,0.0004293840080263567,0.00010498377924545041
AATSC4m,0.00014873154209309457,8.777612220338529e-05
AATSC5m,0.000466464305162273,0.00015146822995972578
AATSC6m,3.322301227145497e-05,8.262291819313441e-06
AATSC7m,0.0014394095211865854,0.0004360715279812574
AATSC8m,-6.874297750494306e-05,0.000217023353051943
AATSC0v,0.00013845351980888986,3.3375034367499824e-05
AATSC1v,0.0003595834743613913,0.00015170462427918868
AATSC2v,3.434404092020893e-05,3.5116754185172024e-05
AATSC3v,0.0012535284875091813,0.00042631077151315626
AATSC4v,1.9449675709892756e-05,2.789484888379326e-05
AATSC5v,0.0005146694048032918,0.00017299163140358295
AATSC6v,0.0005530546136202185,0.0001448707872007983
AATSC7v,0.0002478119002506829,0.00013386291250751562
AATSC8v,3.1561845733274474e-05,6.037214858299409e-05
AATSC0se,0.00011452291172389106,5.681325081453031e-05
AATSC1se,0.0006317573151835565,8.938057460646056e-05
AATSC2se,0.0005356742106181756,0.0002364798243361831
AATSC3se,9.913026131775915e-05,4.103331878272441e-05
AATSC4se,0.011950187174555838,0.0018887933121644234
AATSC5se,0.0022469209143976764,0.00048241187002725627
AATSC6se,0.00022440477325753606,0.00010730919874775968
AATSC7se,0.0012304407137092687,0.0002409284595246812
AATSC8se,0.0002483901160632462,8.221545477495662e-05
AATSC0pe,0.00044567170526523816,0.00017725569481478478
AATSC1pe,0.0001026377334611861,2.1474149125257375e-05
AATSC2pe,3.8326424629642196e-06,5.041251312249289e-06
AATSC3pe,-8.469132725896777e-07,6.5527205833461245e-06
AATSC4pe,0.006896381946492081,0.0012394708704243705
AATSC5pe,5.541949144586278e-05,5.613887125674282e-05
AATSC6pe,0.00025197266977209363,0.00010878951688593251
AATSC7pe,7.587296571351932e-05,2.0649174528023427e-05
AATSC8pe,0.00013119393079542575,4.9110022173029535e-05
AATSC0are,0.0002186459205038238,7.997001788740661e-05
AATSC1are,6.074048057105319e-05,2.5734305413411475e-05
AATSC2are,9.811323715496201e-05,2.123454132851874e-05
AATSC3are,0.00015476946611742148,5.918045753364844e-05
AATSC4are,0.0061029045053056395,0.0011946462696136913
AATSC5are,0.0002857308510105905,0.00013555058259022686
AATSC6are,-4.806411396118815e-06,2.4563705695526638e-05
AATSC7are,0.0008690150589377943,0.0002075549170107948
AATSC8are,0.000368527963003884,8.249177299360075e-05
AATSC0p,0.0008745856994099577,0.00020218075974969267
AATSC1p,0.00016513929593756638,7.266031866465101e-05
AATSC2p,0.00012362492283007898,3.854158382115433e-05
AATSC3p,0.0014141745287898245,0.0005710265766750446
AATSC4p,0.00047520014187495406,0.00013403722054941677
AATSC5p,0.00023276842517913065,0.00014843794306505987
AATSC6p,9.972870463056393e-05,9.18481110928071e-05
AATSC7p,0.00033045590433495865,9.788101839764175e-05
AATSC8p,-7.1570985437419136e-06,7.737562904752025e-06
AATSC0i,-1.3695539634972497e-05,3.331975620401329e-05
AATSC1i,0.00030870893868913953,0.00012136303293529454
AATSC2i,2.7338491461381677e-05,2.8234869622546514e-05
AATSC3i,0.0003738747835405065,0.00018895166313343025
AATSC4i,0.0004374905273596408,0.00013210698247703175
AATSC5i,0.00011901795130939697,9.073123784713575e-05
AATSC6i,0.0008556825137426172,0.000383044120538856
AATSC7i,0.0003219417698062443,0.00015595344130537862
AATSC8i,2.2650142782987272e-05,4.415361001598226e-05
MATS1c,0.00698382110944531,0.001414358948273877
MATS2c,0.001184167531135627,0.00020364390755777645
MATS3c,0.0006713254333627683,0.00021598358255162255
MATS4c,0.004359100435340613,0.0015239586664030596
MATS5c,-2.5394949538148916e-05,2.3844595077506603e-05
MATS6c,4.419582412673595e-05,3.5275708070513596e-05
MATS7c,0.0007417415306011921,0.0001181837541361525
MATS8c,0.0005053113095137007,0.0001707343351659509
MATS1dv,0.0006012353705585283,0.00021938300336687015
MATS2dv,0.00036324948718736706,0.00017960323119801328
MATS3dv,0.0001044417879803361,6.036128422535983e-05
MATS4dv,0.00016701930323284042,4.263308246995633e-05
MATS5dv,4.567474075767297e-05,4.003068410159256e-05
MATS6dv,-6.3429223371658235e-06,1.2070214596607965e-05
MATS7dv,0.0004929594783217861,0.00011328180392016038
MATS8dv,0.0002960894896330335,7.403539395693538e-05
MATS1d,0.0007829128725994172,0.0002976106229613534
MATS2d,0.00017056112486122377,8.84131527009209e-05
MATS3d,-7.052307944654946e-06,2.088861395302648e-05
MATS4d,0.0001308006294699515,3.535535942900324e-05
MATS5d,0.0003633338535361186,0.00031425407363674544
MATS6d,0.0004859525586533908,0.0001789799728628954
MATS7d,0.0005292022684334041,0.00012066639763746802
MATS8d,5.1776427953742485e-05,1.4885208719921082e-05
MATS1s,0.0004855596482778446,0.00017609187237845815
MATS2s,0.0005854046406060687,0.00012630047218400287
MATS3s,0.0015896914592428812,0.0005935363609643975
MATS4s,0.0004605931417059894,0.00010813810831258881
MATS5s,7.328883860455715e-05,4.146088983374738e-05
MATS6s,-2.8306595604388197e-05,7.280831216285543e-05
MATS7s,0.0006815154332900253,0.00015905273358205526
MATS8s,0.00013647635630378296,3.448024731800099e-05
MATS1Z,-5.798155430514207e-06,6.9590341116302335e-06
MATS2Z,0.004195103544096146,0.0009847937456678307
MATS3Z,0.00026701800945077013,6.914303746900132e-05
MATS4Z,0.0003349760818559644,0.0001500952306992153
MATS5Z,0.00022263999030053272,6.813901898307155e-05
MATS6Z,0.0008297481699694242,8.172127363622522e-05
MATS7Z,1.947398589816629e-05,2.188487844484682e-05
MATS8Z,1.718321508806797e-05,2.435849997461229e-05
MATS1m,0.0005061743313836021,0.00010153704492497336
MATS2m,0.0007654984420418232,0.0002745057700307372
MATS3m,0.0005231058093331465,9.623231740410117e-05
MATS4m,-1.527413934709898e-06,2.7574485795768268e-05
MATS5m,0.00015235559209751947,5.9215001321698e-05
MATS6m,0.0018377172576059197,0.00022341643217080575
MATS7m,8.923636977832272e-05,8.809713999346624e-05
MATS8m,0.00019193990722859988,9.875444089237674e-05
MATS1v,5.0794705565126995e-06,4.804843203347644e-05
MATS2v,0.0002756803239349237,0.00016493733851502768
MATS3v,0.0012684775712244912,0.0002505665114110583
MATS4v,8.692660058745583e-05,5.07912740266697e-05
MATS5v,6.685771858727652e-05,3.543946095373536e-05
MATS6v,0.0002213374267305168,0.00010034459409594452
MATS7v,0.0006936957962912826,0.00014399669707698592
MATS8v,0.0004899953531612433,0.00017223435370337546
MATS1se,0.0018836183231338622,0.0004473189279152395
MATS2se,3.7119710203892266e-05,3.06501351658235e-05
MATS3se,6.780601051727952e-05,2.6855011879203323e-05
MATS4se,0.0001385015930107647,7.488188533545469e-05
MATS5se,0.002948908481886181,0.0005777682545612696
MATS6se,0.0005324345018849375,0.0001339750639414994
MATS7se,0.0006896442555343385,0.00036291190749397514
MATS8se,0.00037596479447271625,0.0003011378300225646
MATS1pe,0.000753620481980255,8.6586232692817e-05
MATS2pe,1.5477575225064654e-05,8.049577250823036e-06
MATS3pe,-8.360211706470722e-06,1.3048666623758603e-05
MATS4pe,0.0010754644009364988,0.0003452891923713701
MATS5pe,0.0017144916774749386,0.0003765171576323965
MATS6pe,0.00026491235082026776,9.203248776931149e-05
MATS7pe,9.209884801621992e-05,4.7923869399590163e-05
MATS8pe,0.00042172366225455836,0.00011857169697197301
MATS1are,0.0002967803593449503,9.572739366714802e-05
MATS2are,4.62613286196123e-05,1.3312051276327657e-05
MATS3are,0.00012978737094430093,9.430767076542597e-05
MATS4are,0.0010329409248093445,0.0002620265548864413
MATS5are,0.0010952385656309183,0.0002820045159547289
MATS6are,0.00032957700871371064,0.00010216861398990863
MATS7are,7.982401743722445e-06,4.421339417352181e-05
MATS8are,0.00047936585996602996,0.00014634614103154346
MATS1p,0.00012823510796239335,5.493485155800987e-05
MATS2p,0.00025062696411380924,0.0001339477247520527
MATS3p,0.00011511752862548574,4.694340261993451e-05
MATS4p,0.0005625451686052552,0.00014359163778134706
MATS5p,9.995497631885009e-05,2.965111731097292e-05
MATS6p,0.00014347137583817782,6.363101572520358e-05
MATS7p,0.0004661367600104716,0.00011029992927385266
MATS8p,2.3711945741811125e-05,5.7834402914304116e-05
MATS1i,0.00022585696730859084,7.229565182936328e-05
MATS2i,1.594248740984794e-05,2.2329627261277688e-05
MATS3i,0.00029538515212058637,0.0001163515715952364
MATS4i,0.0005012446336040366,0.0001197619406509731
MATS5i,0.0007057120453858757,0.0001630163924491827
MATS6i,0.0002675756091137793,4.290388488905126e-05
MATS7i,6.805019094935361e-06,8.374120228379042e-06
MATS8i,0.0004243298995972644,0.00011107927130792178
GATS1c,0.0001713226913611643,7.130412407019338e-05
GATS2c,0.0014700795011882595,0.0003571166384056409
GATS3c,0.007446960735318841,0.001515524604210423
GATS4c,0.001302648857671862,0.00024387275917340658
GATS5c,0.0027620725403578517,0.0004780006734822929
GATS6c,0.000540946528225128,9.200326239221601e-05
GATS7c,0.001233153723962288,0.0002562898836967558
GATS8c,0.0034929125444717714,0.00033328428134614147
GATS1dv,0.0001591992234215689,0.00018439324328870844
GATS2dv,0.001749869402279891,0.00036689752179692005
GATS3dv,0.0023550374332568015,0.0004013438434346793
GATS4dv,0.00210246097510155,0.0003900534776347901
GATS5dv,0.0005912872046707873,0.00010225747455025453
GATS6dv,2.8985714193152658e-05,4.638319032956914e-05
GATS7dv,0.00014727776860878894,6.039703155210459e-05
GATS8dv,0.001493270371351474,0.0002915944430894705
GATS1d,0.0002798232604411144,0.00012789432464237955
GATS2d,-2.6772791035589717e-05,4.226794861341279e-05
GATS3d,0.0007564271090421904,0.00026222247971440226
GATS4d,3.6813382761291536e-06,5.230888439450853e-05
GATS5d,0.000357969485601739,0.00010167581365641044
GATS6d,0.002200648252554671,0.0006275539372961754
GATS7d,0.0004406612444095126,8.120531263621044e-05
GATS8d,0.0006304292590955995,0.00018961625231784667
GATS1s,0.00034903463431537054,0.0001344278094245897
GATS2s,3.372267669944362e-05,2.5837383732987203e-05
GATS3s,0.00254394759106632,0.0005661298762572961
GATS4s,0.0008800077578476007,0.00018015257858234807
GATS5s,0.00019538524816116177,6.495463584354051e-05
GATS6s,0.0003620425554440421,0.00018901357886508206
GATS7s,0.0006334695801840651,0.00011131598066223965
GATS8s,0.0007107340982225541,0.0001910479451959347
GATS1Z,7.288758051694488e-05,6.35862273698192e-05
GATS2Z,0.0007069983083069387,0.00019067918535205702
GATS3Z,0.0003693014076843859,0.0001671455919591761
GATS4Z,0.0003644039225951023,0.00010490771616496807
GATS5Z,0.00024805941135200846,0.00024819508578890614
GATS6Z,1.4451902431855679e-05,4.1636575960358284e-05
GATS7Z,0.0005235954765974493,7.194213766653008e-05
GATS8Z,0.0009802738266577959,0.00026499065032214764
GATS1m,3.518710234929889e-05,1.4439561205156963e-05
GATS2m,0.0009420972808999006,0.0002951562482863052
GATS3m,0.00021908601856747146,9.770996889977761e-05
GATS4m,0.0005156037224704924,0.00019803275026120438
GATS5m,2.6908804684488975e-05,3.2564959863521174e-05
GATS6m,0.0011682308538322195,0.00011918649975611733
GATS7m,7.711186393239977e-05,2.885958303068059e-05
GATS8m,0.0006988441085511221,0.0001550493504513925
GATS1v,9.185715440153119e-05,5.464877459085422e-05
GATS2v,0.002959559217113883,0.0009537508645365
GATS3v,0.00011642064585642986,5.253666676084961e-05
GATS4v,0.0006029646553518675,0.0001874290708376999
GATS5v,0.002076666483286882,0.00043269820488386695
GATS6v,0.0024966391350572325,0.0004622037132396224
GATS7v,0.00018529772796251897,7.993717988633642e-05
GATS8v,0.00046082872775380366,0.00010101475496492637
GATS1se,0.0001429734871499444,3.5851073172482673e-05
GATS2se,0.0001513647195015122,5.405015860469408e-05
GATS3se,0.004272423085549526,0.000538332112695662
GATS4se,0.002367091417048861,0.00041700747657323004
GATS5se,0.0005904342843961908,0.00010036825742799084
GATS6se,0.0001783880566560092,6.150105995482297e-05
GATS7se,0.000485322933425858,0.00021783657376904357
GATS8se,0.0002872027804928123,0.00014176611389026935
GATS1pe,0.0007342130434969341,0.00011544691497338457
GATS2pe,0.00035827136673765024,0.00011569678456662331
GATS3pe,0.0016959165741759375,0.00030631128112350027
GATS4pe,0.0006989105312300903,0.00017549020843319387
GATS5pe,0.000154228173451032,4.773213723134741e-05
GATS6pe,0.00036816337088483306,0.00017990161338541649
GATS7pe,0.001501405292209368,0.00020681444756899965
GATS8pe,4.572731110318307e-05,6.227328875859376e-05
GATS1are,0.0010346108482209514,0.00016311458110428203
GATS2are,0.0005517386183260698,6.229236532996832e-05
GATS3are,0.0018244485700837144,0.0007586760982641813
GATS4are,0.0015573937840375972,0.0002729060909677332
GATS5are,6.467233586104904e-05,6.239160369325707e-05
GATS6are,0.0009718118092814976,0.000325522443492776
GATS7are,0.001178038835104711,0.00028243008329242387
GATS8are,6.746521748122181e-05,5.1397068526027066e-05
GATS1p,0.00017089289398513062,6.910277232046345e-05
GATS2p,0.00015709691786429668,0.00012802635123857997
GATS3p,0.00035220606942804045,0.00011810965921123412
GATS4p,0.0005541161986169718,0.0002409467059246537
GATS5p,0.0008131627390344009,0.0001919789295521714
GATS6p,0.0007063586294558943,0.0001509888583266175
GATS7p,0.0006571575705695443,4.702595134573574e-05
GATS8p,0.000701390796537138,0.00028232294948629146
GATS1i,4.2724541122796114e-05,8.603213872325317e-05
GATS2i,1.1282528510059286e-05,1.8952375713208938e-05
GATS3i,0.0009437410826120152,0.00017821108493396484
GATS4i,0.000765937391613869,0.0001930448976526691
GATS5i,0.0003504724267793913,0.00011977760408440158
GATS6i,0.0005788191676634024,0.00017252533658583047
GATS7i,0.0002783776554927564,2.3147675210814463e-05
GATS8i,0.0012305287892036775,0.00013417251883658223
BCUTc-1h,0.0010841985338958748,0.00017994548882063305
BCUTc-1l,0.003188011444805239,0.0008990138929593023
BCUTdv-1h,0.00029151728023046886,8.731165495490763e-05
BCUTdv-1l,0.0014577400133683471,0.00026313006812690606
BCUTd-1h,0.0005634830237815968,0.00014426536266649677
BCUTd-1l,0.0013027357038527421,0.000445650624484227
BCUTs-1h,4.5814589202786135e-05,4.993578837980562e-05
BCUTs-1l,0.00028640978360431333,4.9454236147592425e-05
BCUTZ-1h,2.587437598822184e-06,4.7477023915909336e-06
BCUTZ-1l,1.9731779170761855e-05,4.0830551012875125e-05
BCUTm-1h,1.1012244742469867e-05,2.113999610262314e-05
BCUTm-1l,0.0001549908309739778,4.971451024194404e-05
BCUTv-1h,8.7495866795817e-05,3.708652715888451e-05
BCUTv-1l,3.539243254920832e-05,4.806812843767779e-05
BCUTse-1h,8.370718624064465e-05,4.235686257826651e-05
BCUTse-1l,0.00012113007998917346,3.688527257847443e-05
BCUTpe-1h,0.00017325037519825282,8.648704785176358e-05
BCUTpe-1l,0.00010596900122887832,2.5754561508642603e-05
BCUTare-1h,4.526257022232638e-05,2.8952016297666033e-05
BCUTare-1l,0.0002235316849955482,9.293783806015858e-05
BCUTp-1h,0.0003280360336938903,7.377920111081143e-05
BCUTp-1l,0.0009418105066353322,0.00017669056514422552
BCUTi-1h,0.0006168276430712604,0.00014480640532470854
BCUTi-1l,0.0001066710404483584,7.108016982504993e-05
BalabanJ,0.0006395458652333486,0.0002381034333490544
BertzCT,7.852392214041659e-05,2.79297813828788e-05
nBonds,-1.39290460033914e-06,4.880434863937712e-06
nBondsO,-5.7013098961378186e-05,3.205692928196887e-05
nBondsS,4.72294251745109e-05,3.8680369341992526e-05
nBondsD,2.4942892631496516e-05,1.3156746752681727e-05
nBondsT,0.0,0.0
nBondsA,-2.216057354031964e-06,6.909827136837128e-06
nBondsM,0.0001919529138528886,6.369920088504462e-05
nBondsKS,2.9094357467263075e-05,3.096219345994454e-05
nBondsKD,1.3065383198984648e-05,8.811586342287094e-06
C1SP1,0.0,0.0
C2SP1,0.0,0.0
C1SP2,4.519848925129688e-05,2.083530550001548e-05
C2SP2,0.0010521056206493685,0.00025719862160186003
C3SP2,1.2659817011928531e-06,2.2531120085114516e-05
C1SP3,0.0007404748168390651,0.0002831783516391092
C2SP3,9.382457846113246e-05,9.154409350977648e-05
C3SP3,3.9334662952550393e-05,6.067733505928048e-06
C4SP3,-1.9326325246149524e-06,6.442108415383174e-07
HybRatio,-4.086461650942841e-06,2.7372726832675916e-05
FCSP3,3.5235476857586875e-05,6.559568865582614e-05
Xch-3d,2.5872629685896875e-06,5.513088376288569e-06
Xch-4d,0.0005622647507763423,0.00021928148797171682
Xch-5d,0.00011267944392883145,3.89718515788211e-05
Xch-6d,0.0010652764842367436,0.00029840285393809826
Xch-7d,8.299080894544897e-05,7.050710895620838e-05
Xch-3dv,1.0532006123520343e-05,7.4272599310761945e-06
Xch-4dv,3.8720922587165416e-07,2.4785646421537015e-06
Xch-5dv,0.00015934471051676224,6.787366708421363e-05
Xch-6dv,0.00024272011399572023,0.0001246091476880501
Xch-7dv,0.0001333590917592109,8.735522219450594e-05
Xc-3d,0.00041684882792109024,0.00014039581815504079
Xc-4d,1.2032520353422171e-06,1.16596891154537e-05
Xc-5d,-2.6251811743216447e-05,3.503895441531066e-05
Xc-6d,-3.352229061337475e-05,2.3281036654490376e-05
Xc-3dv,3.093993267444528e-06,8.878260035462201e-06
Xc-4dv,8.36988530533711e-05,4.71750710350846e-05
Xc-5dv,0.00021726851932397652,5.428878586622761e-05
Xc-6dv,1.0234176796519723e-05,1.4041872553258376e-05
Xpc-4d,7.628322779016373e-05,1.576500308672215e-05
Xpc-5d,0.00013444336896069055,6.483427720859496e-05
Xpc-6d,-2.206982736787655e-05,1.5253715070842497e-05
Xpc-4dv,5.211275534189319e-05,1.6928301388703573e-05
Xpc-5dv,8.980498819177729e-05,9.097212344597104e-05
Xpc-6dv,-1.713966397706157e-05,3.776526894226899e-05
Xp-0d,0.00011517021871744193,0.00010115320999152085
Xp-1d,7.000098511956709e-05,2.282128922701111e-05
Xp-2d,1.4114703694378949e-05,1.2460510242968175e-05
Xp-3d,2.1437912156219153e-05,1.6797390322955142e-05
Xp-4d,2.9020480573083152e-05,1.265888604727527e-05
Xp-5d,0.0010469833702652642,0.00013024733446633
Xp-6d,0.000103203543100161,5.314892417524492e-05
Xp-7d,3.757959051624571e-05,3.361553004890374e-05
AXp-0d,2.995523450288751e-07,2.78028361969545e-05
AXp-1d,0.0003814809230509808,9.800717433721776e-05
AXp-2d,0.0021611775680532965,0.00047487066581987966
AXp-3d,0.0009515126851118883,0.00010833211260046542
AXp-4d,0.0015692431242313788,0.00037051184793653074
AXp-5d,0.000551592888584962,0.00015786950984970221
AXp-6d,0.001969957395905342,0.000448887807180176
AXp-7d,0.0010690067246538204,0.0002861413697322683
Xp-0dv,4.050373070867419e-05,2.2897559517166642e-05
Xp-1dv,0.0002789484368260764,0.00013768297824179234
Xp-2dv,0.00030483347371121903,0.00016859581950752823
Xp-3dv,7.396252952007742e-06,3.8033393368560923e-05
Xp-4dv,2.2768161932218424e-05,1.908484699074632e-05
Xp-5dv,0.0001282755672039726,7.48337856426736e-05
Xp-6dv,0.00010127775607977618,2.7056493840830876e-05
Xp-7dv,3.1366233288721014e-05,1.554340508637389e-05
AXp-0dv,0.00018769989323479396,4.782112097376924e-05
AXp-1dv,0.0002882384832967877,0.00011372064680716691
AXp-2dv,0.00010967863694443248,7.691751104126139e-05
AXp-3dv,0.00031875096737180584,7.544188051681927e-05
AXp-4dv,3.923417657237804e-05,2.536781640777665e-05
AXp-5dv,0.0007986419544095402,0.0002314160532680817
AXp-6dv,0.0029267760859696067,0.0006690334262768163
AXp-7dv,0.00024074815009121896,8.527909999083811e-05
SZ,0.00024319595503794478,0.00010776480221679166
Sm,9.451173191077356e-06,1.4979001447736875e-05
Sv,1.0983692148880397e-05,5.405572455456943e-05
Sse,-3.430496117409199e-05,1.2633104740066114e-05
Spe,1.9359232229876343e-05,1.315119072628248e-05
Sare,2.6351781716948963e-05,2.418917462909563e-05
Sp,-7.109245708558643e-06,9.857487274653468e-06
Si,0.0001193595198213715,7.878662875566627e-05
MZ,5.892518236118027e-05,5.014919293898574e-05
Mm,-8.129152655766969e-06,7.473091556684183e-06
Mv,5.917585792813984e-06,4.887378333305264e-06
Mse,-6.870821005100502e-06,1.587553227274866e-05
Mpe,0.00012832796591298877,6.352141927308534e-05
Mare,0.0004405190604932385,0.00018529077786947682
Mp,0.00023455290670090223,0.00018667098658969235
Mi,9.353499188791137e-05,0.00012973954349622242
SpAbs_D,-1.4628236255698202e-05,1.9162503508477432e-05
SpMax_D,7.522991408398516e-05,3.514571128314109e-05
SpDiam_D,0.0002489899641790694,7.673836146605663e-05
SpAD_D,2.9381488615010108e-05,1.9545372190491368e-05
SpMAD_D,0.0028007229567609928,0.0004909544696467493
LogEE_D,2.9630206106245892e-06,4.498287544305447e-06
VE1_D,1.1946944621143984e-06,4.397163196545939e-05
VE2_D,0.0008189791253736534,6.639067441579096e-05
VE3_D,5.729262080564901e-05,1.2067242240072585e-05
VR1_D,0.00015642572332920103,6.629218330641135e-05
VR2_D,5.298301501032166e-05,3.1834893103433595e-05
VR3_D,5.87705312339315e-05,3.8209532177985984e-05
NsLi,0.0,0.0
NssBe,0.0,0.0
NssssBe,0.0,0.0
NssBH,0.0,0.0
NsssB,0.0,0.0
NssssB,0.0,0.0
NsCH3,1.9737329916680314e-05,2.2033254744816977e-05
NdCH2,0.0,0.0
NssCH2,2.3410875943374876e-06,4.745000008939292e-05
NtCH,2.280915013699314e-05,5.6088498726853615e-06
NdsCH,0.0,0.0
NaaCH,0.00019998435841195317,4.5918796300005274e-05
NsssCH,5.130936989627965e-06,4.58084070028463e-06
NddC,0.0,0.0
NtsC,-3.310290244507019e-06,1.6984534141450958e-06
NdssC,-2.819404726606134e-06,1.6934130412695485e-05
NaasC,4.7114960997374224e-05,2.341043281227156e-05
NaaaC,-4.1322746389571565e-06,1.8490085972223428e-05
NssssC,-4.0514208522468563e-07,2.2713087345700365e-06
NsNH3,0.0,0.0
NsNH2,3.898737086619475e-05,2.3110800196047628e-05
NssNH2,0.0,0.0
NdNH,0.0,0.0
NssNH,0.00021557541167319672,0.00016655177598172408
NaaNH,0.0,0.0
NtN,2.3837605648835414e-06,3.296784548904057e-06
NsssNH,0.0,0.0
NdsN,3.3455655467862223e-06,2.577120870717558e-06
NaaN,2.2826912524021025e-05,1.0639806499919729e-05
NsssN,5.565622764169831e-06,2.3218564766868275e-05
NddsN,0.0,0.0
NaasN,1.038642273920587e-06,3.725642607624157e-06
NssssN,0.0,0.0
NsOH,1.0822299741031217e-06,2.201625068937748e-06
NdO,4.980935876752745e-07,3.745617568984695e-06
NssO,1.0517728026293582e-07,1.1943497088004322e-06
NaaO,0.0,0.0
NsF,-2.86725340391536e-06,6.294644198144939e-06
NsSiH3,0.0,0.0
NssSiH2,0.0,0.0
NsssSiH,0.0,0.0
NssssSi,0.0,0.0
NsPH2,0.0,0.0
NssPH,0.0,0.0
NsssP,0.0,0.0
NdsssP,0.0,0.0
NsssssP,0.0,0.0
NsSH,0.0,0.0
NdS,0.0,0.0
NssS,6.825596354564922e-06,1.4459381314502195e-07
NaaS,-4.025342740898719e-06,2.6152224121700206e-06
NdssS,0.0,0.0
NddssS,0.0,0.0
NsCl,0.0,0.0
NsGeH3,0.0,0.0
NssGeH2,0.0,0.0
NsssGeH,0.0,0.0
NssssGe,0.0,0.0
NsAsH2,0.0,0.0
NssAsH,0.0,0.0
NsssAs,0.0,0.0
NsssdAs,0.0,0.0
NsssssAs,0.0,0.0
NsSeH,0.0,0.0
NdSe,0.0,0.0
NssSe,0.0,0.0
NaaSe,0.0,0.0
NdssSe,0.0,0.0
NddssSe,0.0,0.0
NsBr,0.0,0.0
NsSnH3,0.0,0.0
NssSnH2,0.0,0.0
NsssSnH,0.0,0.0
NssssSn,0.0,0.0
NsI,0.0,0.0
NsPbH3,0.0,0.0
NssPbH2,0.0,0.0
NsssPbH,0.0,0.0
NssssPb,0.0,0.0
SsLi,0.0,0.0
SssBe,0.0,0.0
SssssBe,0.0,0.0
SssBH,0.0,0.0
SsssB,0.0,0.0
SssssB,0.0,0.0
SsCH3,0.0002456871950913264,9.200398975815074e-05
SdCH2,0.0,0.0
SssCH2,0.0004905711623200415,0.00013361272686645209
StCH,9.546335013033146e-06,4.2562237801162945e-06
SdsCH,-1.3287612613765988e-06,1.8617080849109323e-05
SaaCH,0.00034430491937856853,9.190023157031027e-05
SsssCH,0.00027059789408937494,0.00017530319142250165
SddC,0.0,0.0
StsC,2.0154072437383873e-06,1.0464581496188627e-05
SdssC,0.00013583433620517615,8.286157506970575e-05
SaasC,0.00019173824526097505,0.0001264938307581946
SaaaC,3.17790308296706e-05,3.1357905284527075e-05
SssssC,3.4251829517206736e-05,3.212784026516586e-05
SsNH3,0.0,0.0
SsNH2,-4.258474070106821e-06,3.517398411712168e-06
SssNH2,0.0,0.0
SdNH,0.0,0.0
SssNH,0.000609093683568207,0.00018040738921367837
SaaNH,4.9805704006888886e-05,1.8664820753362812e-05
StN,3.6877243365429634e-06,8.093791005681975e-07
SsssNH,0.0,0.0
SdsN,-6.028234819643874e-06,3.1412939076997326e-06
SaaN,0.0001508352465283913,8.04830613946909e-05
SsssN,0.0002231508501880697,5.0682252084820744e-05
SddsN,0.0,0.0
SaasN,3.215018821303151e-05,3.9746941236328314e-05
SssssN,0.0,0.0
SsOH,0.0004282817471356726,0.00012552901805533382
SdO,0.0003227553852558129,0.00011113821228455168
SssO,5.815701539346741e-07,6.737529095204971e-05
SaaO,-8.014537028455671e-06,2.1604248584372544e-06
SsF,7.534209902502199e-05,5.418888113787954e-05
SsSiH3,0.0,0.0
SssSiH2,0.0,0.0
SsssSiH,0.0,0.0
SssssSi,0.0,0.0
SsPH2,0.0,0.0
SssPH,0.0,0.0
SsssP,0.0,0.0
SdsssP,0.0,0.0
SsssssP,0.0,0.0
SsSH,0.0,0.0
SdS,0.0,0.0
SssS,0.0,0.0
SaaS,2.3007530054686144e-06,1.4254955866522882e-06
SdssS,0.0,0.0
SddssS,-1.3265318156996387e-05,2.3730606446311935e-05
SsCl,7.256234450325749e-06,2.8823057642082325e-06
SsGeH3,0.0,0.0
SssGeH2,0.0,0.0
SsssGeH,0.0,0.0
SssssGe,0.0,0.0
SsAsH2,0.0,0.0
SssAsH,0.0,0.0
SsssAs,0.0,0.0
SsssdAs,0.0,0.0
SsssssAs,0.0,0.0
SsSeH,0.0,0.0
SdSe,0.0,0.0
SssSe,0.0,0.0
SaaSe,0.0,0.0
SdssSe,0.0,0.0
SddssSe,0.0,0.0
SsBr,-1.9290817102612933e-07,9.254718353958913e-07
SsSnH3,0.0,0.0
SssSnH2,0.0,0.0
SsssSnH,0.0,0.0
SssssSn,0.0,0.0
SsI,0.0,0.0
SsPbH3,0.0,0.0
SssPbH2,0.0,0.0
SsssPbH,0.0,0.0
SssssPb,0.0,0.0
MAXsLi,0.0,0.0
MAXssBe,0.0,0.0
MAXssssBe,0.0,0.0
MAXssBH,0.0,0.0
MAXsssB,0.0,0.0
MAXssssB,0.0,0.0
MAXsCH3,2.1294220599132883e-05,2.9368559112489445e-05
MAXdCH2,0.0,0.0
MAXssCH2,3.193201936657619e-06,8.667740307862874e-06
MAXtCH,0.0,0.0
MAXdsCH,3.4465600177169264e-06,1.1668697801598965e-05
MAXaaCH,0.0025748219236327195,0.0008285525274126792
MAXsssCH,0.00011936480889916945,9.09541406493582e-05
MAXddC,0.0,0.0
MAXtsC,0.0,0.0
MAXdssC,0.00025882223453864704,8.711832017078027e-05
MAXaasC,0.0011194105119026964,0.00020273322874906073
MAXaaaC,0.00495094149486125,0.0009666832050322846
MAXssssC,0.00021808071569520137,4.650811854892566e-05
MAXsNH3,0.0,0.0
MAXsNH2,-2.1503789323717994e-05,9.635778746608721e-06
MAXssNH2,0.0,0.0
MAXdNH,0.0,0.0
MAXssNH,0.0006873384078657674,0.00016282767132850187
MAXaaNH,0.0,0.0
MAXtN,0.0,0.0
MAXsssNH,0.0,0.0
MAXdsN,3.4979362252485216e-05,8.548210269956639e-06
MAXaaN,0.0002793306945994778,0.0003253555598030765
MAXsssN,9.983561074987657e-05,7.228252894695066e-05
MAXddsN,0.0,0.0
MAXaasN,0.00023623387062239322,0.00012072244317835309
MAXssssN,0.0,0.0
MAXsOH,0.0005485836433579804,0.00016045919105093186
MAXdO,0.00017552855406147705,7.351723271702547e-05
MAXssO,0.0006525732958203245,0.0002142338929541057
MAXaaO,6.304783792471236e-05,2.7460968892224248e-05
MAXsF,-6.815609169741333e-06,2.876599135336937e-06
MAXsSiH3,0.0,0.0
MAXssSiH2,0.0,0.0
MAXsssSiH,0.0,0.0
MAXssssSi,0.0,0.0
MAXsPH2,0.0,0.0
MAXssPH,0.0,0.0
MAXsssP,0.0,0.0
MAXdsssP,0.0,0.0
MAXsssssP,0.0,0.0
MAXsSH,0.0,0.0
MAXdS,0.0,0.0
MAXssS,0.0,0.0
MAXaaS,0.0,0.0
MAXdssS,0.0,0.0
MAXddssS,0.0001420902716663397,0.00016267982847265118
MAXsCl,7.066702445435169e-09,1.3850400370631397e-06
MAXsGeH3,0.0,0.0
MAXssGeH2,0.0,0.0
MAXsssGeH,0.0,0.0
MAXssssGe,0.0,0.0
MAXsAsH2,0.0,0.0
MAXssAsH,0.0,0.0
MAXsssAs,0.0,0.0
MAXsssdAs,0.0,0.0
MAXsssssAs,0.0,0.0
MAXsSeH,0.0,0.0
MAXdSe,0.0,0.0
MAXssSe,0.0,0.0
MAXaaSe,0.0,0.0
MAXdssSe,0.0,0.0
MAXddssSe,0.0,0.0
MAXsBr,0.0,0.0
MAXsSnH3,0.0,0.0
MAXssSnH2,0.0,0.0
MAXsssSnH,0.0,0.0
MAXssssSn,0.0,0.0
MAXsI,0.0,0.0
MAXsPbH3,0.0,0.0
MAXssPbH2,0.0,0.0
MAXsssPbH,0.0,0.0
MAXssssPb,0.0,0.0
MINsLi,0.0,0.0
MINssBe,0.0,0.0
MINssssBe,0.0,0.0
MINssBH,0.0,0.0
MINsssB,0.0,0.0
MINssssB,0.0,0.0
MINsCH3,0.001336868110533318,0.0004590220549049459
MINdCH2,0.0,0.0
MINssCH2,0.0022365422347511155,0.000798519567981878
MINtCH,0.0,0.0
MINdsCH,0.0,0.0
MINaaCH,0.00013684154618486265,4.1868917873039015e-05
MINsssCH,1.7362832029022003e-06,1.3725658385512648e-05
MINddC,0.0,0.0
MINtsC,0.0,0.0
MINdssC,0.00013778991170899647,8.376625845577299e-05
MINaasC,0.00016489378176735015,0.0001374073121709542
MINaaaC,0.0005528550051375425,0.0001912623440359667
MINssssC,6.42557559129453e-05,3.9242062992281084e-05
MINsNH3,0.0,0.0
MINsNH2,1.309551938366571e-06,1.3161503508122348e-06
MINssNH2,0.0,0.0
MINdNH,0.0,0.0
MINssNH,0.0013653566633394453,0.000252967572812575
MINaaNH,0.0,0.0
MINtN,5.680080392689302e-06,4.891392158312691e-07
MINsssNH,0.0,0.0
MINdsN,-7.398034180128299e-06,3.992147278568974e-06
MINaaN,0.00019366418761911363,9.070925094507848e-05
MINsssN,3.563952681098215e-05,2.4542907830317112e-05
MINddsN,0.0,0.0
MINaasN,0.0010767132931610913,0.0003035549191608266
MINssssN,0.0,0.0
MINsOH,3.407204355901916e-05,2.2748945347273766e-05
MINdO,0.0005260329858459923,6.306118806815239e-05
MINssO,4.848181326522205e-05,2.638479832342335e-05
MINaaO,1.859978042029198e-07,1.6950799483991866e-05
MINsF,-1.0855000772369561e-05,7.812724528888524e-06
MINsSiH3,0.0,0.0
MINssSiH2,0.0,0.0
MINsssSiH,0.0,0.0
MINssssSi,0.0,0.0
MINsPH2,0.0,0.0
MINssPH,0.0,0.0
MINsssP,0.0,0.0
MINdsssP,0.0,0.0
MINsssssP,0.0,0.0
MINsSH,0.0,0.0
MINdS,0.0,0.0
MINssS,-2.9268023052919645e-06,0.0
MINaaS,-4.324118397269761e-06,1.2781830937779746e-05
MINdssS,0.0,0.0
MINddssS,-2.1279040244515103e-06,3.014908822473154e-06
MINsCl,-6.046512781243685e-07,2.2323374004610586e-07
MINsGeH3,0.0,0.0
MINssGeH2,0.0,0.0
MINsssGeH,0.0,0.0
MINssssGe,0.0,0.0
MINsAsH2,0.0,0.0
MINssAsH,0.0,0.0
MINsssAs,0.0,0.0
MINsssdAs,0.0,0.0
MINsssssAs,0.0,0.0
MINsSeH,0.0,0.0
MINdSe,0.0,0.0
MINssSe,0.0,0.0
MINaaSe,0.0,0.0
MINdssSe,0.0,0.0
MINddssSe,0.0,0.0
MINsBr,0.0,0.0
MINsSnH3,0.0,0.0
MINssSnH2,0.0,0.0
MINsssSnH,0.0,0.0
MINssssSn,0.0,0.0
MINsI,0.0,0.0
MINsPbH3,0.0,0.0
MINssPbH2,0.0,0.0
MINsssPbH,0.0,0.0
MINssssPb,0.0,0.0
ECIndex,0.0,0.0
ETA_alpha,2.2451956517288706e-07,1.590724309751981e-05
AETA_alpha,0.003574797884008318,0.0007481450054457759
ETA_shape_p,0.00014879207308142738,7.448655342676702e-05
ETA_shape_y,0.003677955627425622,0.0009494627597161454
ETA_shape_x,1.2934277490539436e-05,2.4765363167248255e-05
ETA_beta,0.0003637892325746517,4.131410980188508e-05
AETA_beta,-2.2602909365321276e-05,2.5115716453202672e-05
ETA_beta_s,2.7590851073466816e-05,2.2804050850478214e-05
AETA_beta_s,0.00035270120594418366,0.00011314098159591931
ETA_beta_ns,0.00039846164980327224,0.000152813451206202
AETA_beta_ns,0.0003120434468173672,0.00011650348409233609
ETA_beta_ns_d,-8.146915042694936e-07,4.586627857512596e-06
AETA_beta_ns_d,0.00022993508745654533,0.00019475411564707552
ETA_eta,3.9150420098843505e-05,1.0847120056964241e-05
AETA_eta,0.00010291808757088017,4.957425150310887e-05
ETA_eta_L,0.000219357201819248,8.702185914376358e-05
AETA_eta_L,0.0003879129113337987,0.00023895086906704403
ETA_eta_R,-2.9549859578503758e-05,1.6790140737361195e-05
AETA_eta_R,8.296844224608969e-06,6.894476514271967e-06
ETA_eta_RL,1.4910483578578493e-05,4.2983248902494656e-05
AETA_eta_RL,0.0006552187277235055,0.00010264201810910479
ETA_eta_F,1.4238087144136103e-05,9.461703711913578e-06
AETA_eta_F,6.8461839257139e-05,2.547556099759234e-05
ETA_eta_FL,0.0009954016774471608,0.0003241960584968926
AETA_eta_FL,6.248261097545616e-05,8.53922137000857e-05
ETA_eta_B,6.048076137799008e-07,7.542270356733027e-06
AETA_eta_B,4.7802026092258475e-05,4.349037991461302e-05
ETA_eta_BR,0.0008202727689157752,0.00015814840897243807
AETA_eta_BR,9.479469688041808e-05,6.439006017801045e-05
ETA_dAlpha_A,0.0,0.0
ETA_dAlpha_B,0.0055650084001107715,0.0007791055050621816
ETA_epsilon_1,5.830977524834413e-06,3.897171831070918e-06
ETA_epsilon_2,3.2843268902960075e-06,4.985084121407507e-05
ETA_epsilon_3,0.00021854318860087263,6.494816292273931e-05
ETA_epsilon_4,4.895345453426181e-06,1.1338232897402571e-05
ETA_epsilon_5,0.0008241668859246154,0.00020247578297321957
ETA_dEpsilon_A,0.0003298966656288593,0.00012269815225287502
ETA_dEpsilon_B,4.4496888270451065e-05,2.179833867045024e-05
ETA_dEpsilon_C,3.9323496598053785e-05,3.640994966666869e-05
ETA_dEpsilon_D,0.001526079329680008,0.0004837009908357038
ETA_dBeta,-6.559936406846934e-06,4.080698026024964e-05
AETA_dBeta,1.9283341267251063e-05,1.4312078023414563e-05
ETA_psi_1,0.00024377203364597255,8.819788822081504e-05
ETA_dPsi_A,0.0005373548941710937,0.00012045695830756388
ETA_dPsi_B,0.0,0.0
fragCpx,0.0005321418657277755,0.00010796772384995231
fMF,3.372185011647488e-05,1.896033102548983e-05
nHBAcc,1.0412999793985022e-06,9.324873581217809e-06
nHBDon,2.9199243697175527e-05,1.2156222519988782e-05
IC0,5.605285359355783e-05,2.3940497096345997e-05
IC1,0.0001635790759509592,0.00017734278419278475
IC2,0.000630837915128657,0.000178813929626747
IC3,2.7765990766226435e-05,5.403262560150214e-05
IC4,-7.066742378802893e-06,9.391712733835511e-06
IC5,2.4990714698480688e-05,5.3261225151879864e-05
TIC0,1.6512317424299817e-05,9.2131654050393e-06
TIC1,2.410030187238732e-05,5.8171192081326165e-06
TIC2,6.2906083931335566e-06,1.3149104783616541e-05
TIC3,0.0003018405080389863,0.0002261406450442077
TIC4,-1.6296424591444314e-06,2.0573621711487452e-05
TIC5,0.00011532116990178309,6.508724083000814e-05
SIC0,-1.2547346841307316e-06,5.76385997256804e-05
SIC1,0.00011656886657270826,3.6919880654301975e-05
SIC2,0.00015425803895889877,0.00011111927273311102
SIC3,3.0370075772800932e-05,5.138032314715244e-05
SIC4,0.0011638286743801296,0.00031835687512140384
SIC5,0.0002712158298755929,7.259684039099117e-05
BIC0,0.000309069379515492,6.602434156055495e-05
BIC1,3.942788388455742e-06,7.23439808279444e-05
BIC2,0.0013624318764093647,0.00041462504889056955
BIC3,0.000343963816685755,8.709164705486009e-05
BIC4,0.0005184700479435422,0.00019573152669122006
BIC5,0.00017945943682754484,7.982816906686951e-05
CIC0,-2.0418828465817995e-06,1.052787289390329e-05
CIC1,0.0003127365297246554,0.00010551327918640581
CIC2,0.0005707966092873051,0.00019529021965458362
CIC3,1.3191477020280118e-06,7.020627999339055e-05
CIC4,0.0007976668219549898,0.00021322348551069815
CIC5,0.0012827891778945388,0.0003275101542125686
MIC0,3.165858033590263e-05,3.2590857274712e-05
MIC1,0.0009872965827568358,0.0002667245110904616
MIC2,0.0018441218328929087,0.0005249433912877855
MIC3,1.8375961591787783e-05,4.1093311264759445e-05
MIC4,0.0004209868711779752,8.579351899747799e-05
MIC5,0.00046432604016115596,0.00020954942170825844
ZMIC0,6.379208942363102e-05,8.367520622004685e-05
ZMIC1,0.000764142412356461,0.0002346073364916809
ZMIC2,0.00013057978684084538,5.237788124946712e-05
ZMIC3,0.0018152882926311454,0.000445822749941506
ZMIC4,0.0008237578163228232,0.00019085166033544655
ZMIC5,0.0006452873877059063,0.00015028899168491406
Kier1,8.096995750106473e-06,6.927489212533656e-06
Kier2,8.57801457802787e-05,4.699494300405219e-05
Kier3,0.0013751734735054644,0.0002050228897126679
Lipinski,-9.630856034115175e-07,1.1596882420853305e-06
GhoseFilter,4.101308046070562e-05,1.3731507703459156e-05
FilterItLogS,0.0018798638931065148,0.00022734793232100081
VMcGowan,-8.951527889267119e-07,2.5062361080429955e-05
LabuteASA,2.0478816437285995e-05,5.172019017241199e-05
PEOE_VSA1,0.000502824644667843,0.0001991995370733724
PEOE_VSA2,0.00016808311138304387,8.396539781818965e-05
PEOE_VSA3,3.313107611893074e-05,1.7891091942004285e-05
PEOE_VSA4,0.00040247728227293944,0.00018662820080219002
PEOE_VSA5,3.227748365808303e-07,5.6433281575485404e-06
PEOE_VSA6,0.0001564808998226974,0.00012899698432515536
PEOE_VSA7,3.400090059776373e-05,5.00494898413048e-05
PEOE_VSA8,0.0005369797300806889,0.00015774464247069242
PEOE_VSA9,0.0011432447846091542,0.00022095629998914845
PEOE_VSA10,0.03823254789172388,0.005784679823531136
PEOE_VSA11,0.0007066460475753211,0.00015928690527539059
PEOE_VSA12,-5.1185195343861345e-06,1.798012643657557e-05
PEOE_VSA13,0.0001799054368378572,9.213518132189284e-05
SMR_VSA1,0.001228911688519818,0.00031024991998443495
SMR_VSA2,0.0,0.0
SMR_VSA3,0.00016445065667610725,5.8640114658180094e-05
SMR_VSA4,4.86776344345019e-06,3.020134782268235e-06
SMR_VSA5,0.00023427085341160003,9.000100988965798e-05
SMR_VSA6,0.0009002757680419804,0.00021106673714015928
SMR_VSA7,0.0005975266857737527,0.00020057068251701696
SMR_VSA8,0.0,0.0
SMR_VSA9,0.0005565467459688889,0.00017827535835796847
SlogP_VSA1,0.0005521879633364812,0.00015764748519305044
SlogP_VSA2,6.0682026850622514e-05,2.2137873553619995e-05
SlogP_VSA3,0.0009832790943155034,0.0004472921307546661
SlogP_VSA4,0.00010009373498831575,2.4895529792040626e-05
SlogP_VSA5,1.2906903789444702e-05,1.8279071452821682e-05
SlogP_VSA6,0.0011994932631208544,0.0003685554352958383
SlogP_VSA7,0.0,0.0
SlogP_VSA8,0.00043796192788829734,0.00012464957924661406
SlogP_VSA9,0.0,0.0
SlogP_VSA10,0.010353410712919365,0.0014597616681930072
SlogP_VSA11,5.13301938565025e-07,8.499938519333143e-06
EState_VSA1,0.00017009113561491373,6.561790021704485e-05
EState_VSA2,0.0003208806836697664,0.00022637855383219805
EState_VSA3,0.0010483873845692827,0.00022789564727692006
EState_VSA4,0.001737764728133473,0.0002050074513013087
EState_VSA5,0.0006508508588803808,0.00020826044084082886
EState_VSA6,0.0006225205488054053,0.00012098441338325397
EState_VSA7,0.000688318042176217,0.0001079323499181277
EState_VSA8,0.0021386602350934036,0.0004968980670677318
EState_VSA9,1.6962580629331646e-06,8.276957430725262e-06
EState_VSA10,0.0003584375808794449,0.0001160060648604464
VSA_EState1,6.0101755335606466e-05,2.6489778242941333e-05
VSA_EState2,0.0004955742051339307,0.00011195556072340515
VSA_EState3,0.001870490440812589,0.00023155353565069704
VSA_EState4,0.009835082944197271,0.0011025955782949148
VSA_EState5,0.001805199817489378,0.0004373045888332467
VSA_EState6,0.0019744148609324606,0.0003601335479805488
VSA_EState7,0.0005979377512879247,0.00015879385683883123
VSA_EState8,9.48046449813389e-05,5.9054576627169035e-05
VSA_EState9,0.0006632855733739618,0.00015151117939765898
MDEC-11,0.0002718067225800813,0.00014160193941690423
MDEC-12,0.00038499389337804947,0.00010582896192941449
MDEC-13,0.00034151592941336075,0.00014787777303196557
MDEC-14,5.188845614334525e-06,5.165304923439644e-06
MDEC-22,0.000311786875401876,7.302136871945829e-05
MDEC-23,0.0003289312358227936,0.00012483246357265367
MDEC-24,0.00031773710761932026,0.00011148346540763297
MDEC-33,0.00010878685729044379,0.0001038992483527238
MDEC-34,8.857815775187294e-06,1.2059437489428955e-05
MDEC-44,0.0,0.0
MDEO-11,4.6490569853019356e-05,3.659539313984076e-05
MDEO-12,0.0008479592387879653,0.0002531283689135204
MDEO-22,0.00019004058292171333,6.708897178059824e-05
MDEN-11,0.0,0.0
MDEN-12,7.947990445218433e-05,6.96854501251473e-05
MDEN-13,4.281474531786511e-05,1.7877483971489175e-05
MDEN-22,0.0001011720845128572,4.009088580757242e-05
MDEN-23,0.00028881104976661296,5.902604305988196e-05
MDEN-33,1.9921772680453476e-05,3.197235805569253e-05
MID,3.0697055316719624e-05,2.2004706841449302e-05
AMID,1.9748100442740223e-05,1.2995042258817365e-05
MID_h,2.5214675031204337e-05,1.9177464034687153e-05
AMID_h,0.00017558537287588606,8.236745724673667e-05
MID_C,0.00016282944469819816,6.672949370431372e-05
AMID_C,0.0011344559498653096,0.00026918208827232876
MID_N,8.227338574003928e-05,5.0209657168424143e-05
AMID_N,0.0006942099430876203,0.0002197171342029659
MID_O,0.00020498507854010972,0.00015440308249505596
AMID_O,0.0016819375471079923,0.00020298588960512257
MID_X,-2.6088166605808815e-05,1.839503717107845e-05
AMID_X,7.641471186414783e-06,3.629231208013717e-05
MPC2,1.162059263720705e-05,4.070831260841677e-06
MPC3,-1.9846018095714955e-05,3.445055083175314e-05
MPC4,9.010354320426739e-05,0.00010856957981623021
MPC5,1.280465250074192e-05,1.5539168453318634e-05
MPC6,5.739442190200172e-06,4.779268191868412e-06
MPC7,0.0003641200695058577,5.680363559460728e-05
MPC8,9.647475009144646e-06,1.750205932574703e-05
MPC9,5.927452898580876e-05,2.4367852948918264e-05
MPC10,0.0011881698495209813,0.00023563081337130268
TMPC10,0.00012927808023392994,9.489738349809496e-05
piPC1,0.0009279434937173314,0.0002416610872202288
piPC2,4.610052579673285e-05,3.458191940037661e-05
piPC3,0.0005505880339302327,0.0001656591516482965
piPC4,0.0017649915448789354,0.000474181092151556
piPC5,0.0008843184499141343,0.00043444580507931
piPC6,0.00011886734148555122,2.2911173508196432e-05
piPC7,0.0002132166398596702,8.670753588714235e-05
piPC8,0.000149583389084873,7.536835786729559e-05
piPC9,0.0001585473988761854,0.00010037879390150635
piPC10,0.000580415753455532,0.0002035515690524044
TpiPC10,5.655791825287526e-06,1.8765127245217148e-05
apol,-8.708163229764754e-06,3.0347226680797027e-05
bpol,5.056968844224796e-05,1.4146523991984314e-05
nRing,1.714862832778996e-05,4.8102862020144835e-06
n3Ring,0.0,0.0
n4Ring,0.0,0.0
n5Ring,5.848629894765756e-05,5.353104843163553e-05
n6Ring,-2.3257600514026145e-06,4.9314369202027534e-06
n7Ring,2.816540791185096e-05,1.6402025203789688e-05
n8Ring,0.0,0.0
n9Ring,0.0,0.0
n10Ring,0.0,0.0
n11Ring,0.0,0.0
n12Ring,0.0,0.0
nG12Ring,0.0,0.0
nHRing,0.00019062468812417466,8.88830184373462e-05
n3HRing,0.0,0.0
n4HRing,0.0,0.0
n5HRing,2.8330258829423194e-06,1.1402203685734882e-06
n6HRing,-3.5676120154759514e-07,5.200746856123751e-07
n7HRing,4.2454874035435794e-05,1.8039744099021533e-05
n8HRing,0.0,0.0
n9HRing,0.0,0.0
n10HRing,0.0,0.0
n11HRing,0.0,0.0
n12HRing,0.0,0.0
nG12HRing,0.0,0.0
naRing,4.5653168105830313e-05,2.072790674351275e-05
n3aRing,0.0,0.0
n4aRing,0.0,0.0
n5aRing,-3.679807767065224e-06,1.8029530799835078e-05
n6aRing,8.54504697241909e-06,1.6768094766253377e-05
n7aRing,0.0,0.0
n8aRing,0.0,0.0
n9aRing,0.0,0.0
n10aRing,0.0,0.0
n11aRing,0.0,0.0
n12aRing,0.0,0.0
nG12aRing,0.0,0.0
naHRing,2.3364357782162947e-06,3.653962983894141e-06
n3aHRing,0.0,0.0
n4aHRing,0.0,0.0
n5aHRing,8.992036027274385e-05,9.469412161185784e-05
n6aHRing,-3.355228418322476e-07,3.2322185639577773e-06
n7aHRing,0.0,0.0
n8aHRing,0.0,0.0
n9aHRing,0.0,0.0
n10aHRing,0.0,0.0
n11aHRing,0.0,0.0
n12aHRing,0.0,0.0
nG12aHRing,0.0,0.0
nARing,-6.461193002449406e-06,1.3659076241997256e-05
n3ARing,4.405436201515567e-06,2.8310005004230246e-06
n4ARing,0.0,0.0
n5ARing,0.00011693256100935301,3.87268904981875e-05
n6ARing,5.053299308999115e-08,2.93263582943443e-05
n7ARing,0.0,0.0
n8ARing,0.0,0.0
n9ARing,0.0,0.0
n10ARing,0.0,0.0
n11ARing,0.0,0.0
n12ARing,0.0,0.0
nG12ARing,0.0,0.0
nAHRing,4.6574458879233834e-06,2.3855009897670822e-05
n3AHRing,0.0,0.0
n4AHRing,0.0,0.0
n5AHRing,1.6627706413974153e-06,2.3567803763730765e-06
n6AHRing,0.0009922114820012263,0.000506377565713233
n7AHRing,7.81578456644505e-06,4.149145440763938e-06
n8AHRing,0.0,0.0
n9AHRing,0.0,0.0
n10AHRing,0.0,0.0
n11AHRing,0.0,0.0
n12AHRing,0.0,0.0
nG12AHRing,0.0,0.0
nFRing,0.0004662425909066403,0.00017852003882164606
n4FRing,0.0,0.0
n5FRing,0.0,0.0
n6FRing,0.0,0.0
n7FRing,0.0,0.0
n8FRing,0.0,0.0
n9FRing,9.027334031486145e-06,5.047860487194457e-06
n10FRing,6.63769424955607e-06,3.138386664033995e-06
n11FRing,0.0,0.0
n12FRing,0.0,0.0
nG12FRing,1.6348817812095184e-06,8.373335581388179e-07
nFHRing,-1.044488228063578e-06,5.3925561693874815e-06
n4FHRing,0.0,0.0
n5FHRing,0.0,0.0
n6FHRing,0.0,0.0
n7FHRing,0.0,0.0
n8FHRing,1.8383322116566347e-06,1.0179194890991282e-06
n9FHRing,1.3798697025801942e-05,8.434201321582639e-06
n10FHRing,1.919465406816645e-05,6.676462155974505e-06
n11FHRing,-1.994276988437349e-06,0.0
n12FHRing,0.0,0.0
nG12FHRing,0.0,0.0
nFaRing,0.008137448817398252,0.0016708400988906611
n4FaRing,0.0,0.0
n5FaRing,0.0,0.0
n6FaRing,0.0,0.0
n7FaRing,0.0,0.0
n8FaRing,0.0,0.0
n9FaRing,0.00397513169078596,0.001218003229409756
n10FaRing,1.3392390739053183e-06,5.937823182870178e-07
n11FaRing,0.0,0.0
n12FaRing,0.0,0.0
nG12FaRing,0.0,0.0
nFaHRing,0.0007586937095067747,0.00022635093118159217
n4FaHRing,0.0,0.0
n5FaHRing,0.0,0.0
n6FaHRing,0.0,0.0
n7FaHRing,0.0,0.0
n8FaHRing,0.0,0.0
n9FaHRing,0.003962396420773018,0.0012190870519522177
n10FaHRing,0.0,0.0
n11FaHRing,0.0,0.0
n12FaHRing,0.0,0.0
nG12FaHRing,0.0,0.0
nFARing,5.323584462709752e-05,2.2071591475605462e-05
n4FARing,0.0,0.0
n5FARing,0.0,0.0
n6FARing,0.0,0.0
n7FARing,0.0,0.0
n8FARing,0.0,0.0
n9FARing,0.0,0.0
n10FARing,0.0,0.0
n11FARing,0.0,0.0
n12FARing,0.0,0.0
nG12FARing,2.721518673386436e-05,2.2567160069491962e-05
nFAHRing,-4.334039056297368e-06,3.007884215081876e-06
n4FAHRing,0.0,0.0
n5FAHRing,0.0,0.0
n6FAHRing,0.0,0.0
n7FAHRing,0.0,0.0
n8FAHRing,-1.01576571653883e-06,0.0
n9FAHRing,4.0426893415101973e-07,2.233590451202209e-06
n10FAHRing,0.0,0.0
n11FAHRing,0.0,0.0
n12FAHRing,0.0,0.0
nG12FAHRing,0.0,0.0
nRot,1.2413846204428758e-06,3.4089469507054266e-05
RotRatio,0.00019997958657218539,0.00017678574305470094
SLogP,0.00030054699574673106,0.00017406578814004904
SMR,2.2031466377581133e-06,1.6735657246537388e-05
TopoPSA(NO),6.849941512528934e-05,4.233518304806257e-05
TopoPSA,3.218537287390522e-05,3.422089073201737e-05
GGI1,1.825579549575851e-05,5.721816310006682e-05
GGI2,0.00013577312571817491,5.077892554846771e-05
GGI3,0.0008453343061429308,0.0001882048047759649
GGI4,7.243696832875957e-05,3.082073003163511e-05
GGI5,9.58034843975386e-05,3.455841649976731e-05
GGI6,0.0004030679939025283,0.00013701528516135955
GGI7,0.0015858661131002872,0.0005263861866288208
GGI8,0.001173726128791608,0.00045791222479174234
GGI9,0.0005775436536821666,0.00012041434398101083
GGI10,4.81943270360552e-05,3.988117518736345e-05
JGI1,7.815686842835846e-05,3.8998246630998476e-05
JGI2,0.0031159402097465593,0.00039918396798743213
JGI3,0.0001584556819815619,0.00010063097027049118
JGI4,0.0006058394215968322,0.00019909038575744874
JGI5,0.001678126709194694,0.0003877239421529947
JGI6,0.000954975502924893,0.0001263983590455274
JGI7,0.0014068789329398702,0.0003174115495939934
JGI8,0.00020705788351123023,0.00014407393937679883
JGI9,9.824518285550532e-05,2.4953501584305242e-05
JGI10,0.0005112549659336163,9.132337352695505e-05
JGT10,2.3089024152223026e-05,1.4733952183815579e-05
Diameter,0.0,0.0
Radius,0.0,0.0
TopoShapeIndex,8.201803246725703e-05,5.2771616274501e-05
PetitjeanIndex,0.00146320570482692,0.0002976197811062557
Vabc,0.00022015993531204758,0.00010498960022630932
VAdjMat,3.522502561573715e-05,5.1430226218807915e-05
MWC01,0.0001894709645424486,5.8358898860663174e-05
MWC02,3.3150655491653855e-05,1.7911511330141347e-05
MWC03,2.0827779152654548e-05,5.662387853467503e-06
MWC04,-2.2854805126282242e-05,3.165203773787391e-05
MWC05,4.070348791829215e-06,3.0539060465208522e-06
MWC06,1.3661958245758665e-05,1.0914604664869205e-05
MWC07,2.9735391702134794e-05,2.0776368818928085e-05
MWC08,0.00014139977896853172,3.023873725176978e-05
MWC09,0.00013792844502236168,8.19627306635806e-05
MWC10,0.0002190008156568668,0.00011573440314119176
TMWC10,8.475202955011696e-05,3.43077457909083e-05
SRW02,2.9643191941164383e-05,4.417329226349878e-05
SRW03,-1.572428613205723e-06,5.298935864108813e-06
SRW04,4.9834121747160955e-05,3.242236863023881e-05
SRW05,0.0007968434129383972,0.00034811369154168117
SRW06,0.0001957054534389324,8.245353545935655e-05
SRW07,0.0003468551466060843,0.00018324339696368854
SRW08,0.000385034065255907,0.00010175280885960242
SRW09,0.001087517864995824,0.0003758431562537811
SRW10,6.853298499027715e-05,3.373017488876518e-05
TSRW10,0.0005781833024827265,0.00016096040291994985
MW,1.8695747202690515e-05,1.2700609279921163e-05
AMW,7.645434886761615e-05,0.00013654460277514187
WPath,0.0,0.0
WPol,6.785693351785138e-06,1.0001253204809367e-05
Zagreb1,4.582226420049018e-05,1.526088390779501e-05
Zagreb2,2.638936352391541e-05,2.0225536637322524e-05
mZagreb1,0.0015970577537172237,0.0004022697154423638
mZagreb2,9.126382622959284e-07,2.3807324173028628e-05
